Statement,Header,Field Name,Field Value,,,,,,,,,,,,,
Statement,Data,Title,Activity Statement,,,,,,,,,,,,,
Statement,Data,Period,"April 1, 2024 - March 31, 2025",,,,,,,,,,,,,
Statement,Data,WhenGenerated,"2026-08-12, 06:47:57 EDT",,,,,,,,,,,,,
Account Information,Header,Field Name,Field Value,,,,,,,,,,,,,
Account Information,Data,Name,Ray G Stephanos,,,,,,,,,,,,,
Account Information,Data,Account,U15124027,,,,,,,,,,,,,
Account Information,Data,Investment Advisor,Financial Hospital Advisory LLP,,,,,,,,,,,,,
Account Information,Data,Account Type,Advisor Client,,,,,,,,,,,,,
Account Information,Data,Customer Type,Individual,,,,,,,,,,,,,
Account Information,Data,Account Capabilities,Cash,,,,,,,,,,,,,
Account Information,Data,Base Currency,USD,,,,,,,,,,,,,
Net Asset Value,Header,Asset Class,Prior Total,Current Long,Current Short,Current Total,Change,,,,,,,,,
Net Asset Value,Data,Cash,0,20383.16177,0,20383.16177,20383.16177,,,,,,,,,
Net Asset Value,Data,Stock,0,45992.40321,0,45992.40321,45992.40321,,,,,,,,,
Net Asset Value,Data,Interest Accruals,0,15.7,0,15.7,15.7,,,,,,,,,
Net Asset Value,Data,Dividend Accruals,0,92.1029176,0,92.1029176,92.1029176,,,,,,,,,
Net Asset Value,Data,Total,0,66483.3679,0,66483.3679,66483.3679,,,,,,,,,
Net Asset Value,Header,Time Weighted Rate of Return,,,,,,,,,,,,,,
Net Asset Value,Data,-1.68%,,,,,,,,,,,,,,
Change in NAV,Header,Field Name,Field Value,,,,,,,,,,,,,
Change in NAV,Data,Starting Value,0,,,,,,,,,,,,,
Change in NAV,Data,Mark-to-Market,-3179.424984,,,,,,,,,,,,,
Change in NAV,Data,Deposits & Withdrawals,69730.01,,,,,,,,,,,,,
Change in NAV,Data,Dividends,255.829774,,,,,,,,,,,,,
Change in NAV,Data,Withholding Tax,-40.45,,,,,,,,,,,,,
Change in NAV,Data,Change in Dividend Accruals,92.1271715,,,,,,,,,,,,,
Change in NAV,Data,Interest,106.93,,,,,,,,,,,,,
Change in NAV,Data,Change in Interest Accruals,15.7,,,,,,,,,,,,,
Change in NAV,Data,Advisor Fees,-454.74,,,,,,,,,,,,,
Change in NAV,Data,Other Fees,-0.33,,,,,,,,,,,,,
Change in NAV,Data,Commissions,-42.25981156,,,,,,,,,,,,,
Change in NAV,Data,Other FX Translations,-0.0242539,,,,,,,,,,,,,
Change in NAV,Data,Ending Value,66483.3679,,,,,,,,,,,,,
Mark-to-Market Performance Summary,Header,Asset Category,Symbol,Prior Quantity,Current Quantity,Prior Price,Current Price,Mark-to-Market P/L Position,Mark-to-Market P/L Transaction,Mark-to-Market P/L Commissions,Mark-to-Market P/L Other,Mark-to-Market P/L Total,Code,,,
Mark-to-Market Performance Summary,Data,Stocks,4568.T,0,100,--,"3,511.00",-127.53749,-12.05532,-1.99314624,0,-141.5859562,,,,
Mark-to-Market Performance Summary,Data,Stocks,AIQ,0,36,--,36.38,-132.48,-3.6,-1.002592,0.29,-136.792592,,,,
Mark-to-Market Performance Summary,Data,Stocks,AMD,0,1.2,--,102.74,-19.342,0.898,-1.0000552,0,-19.4440552,,,,
Mark-to-Market Performance Summary,Data,Stocks,AMZN,0,6,--,190.26,89.16,8.4,-1.000312,0,96.559688,,,,
Mark-to-Market Performance Summary,Data,Stocks,ASML,0,6,--,662.63,-349.68,-2.25,-1.000432,16.38,-336.550432,,,,
Mark-to-Market Performance Summary,Data,Stocks,AVGO,0,9,--,167.43,239.49,26.28,-1.000468,11.54,276.309532,,,,
Mark-to-Market Performance Summary,Data,Stocks,BLBD,0,0,--,--,-583.2,55.5,-2.07431078,0,-529.7743108,,,,
Mark-to-Market Performance Summary,Data,Stocks,BTI,0,33,--,41.37,200.64,2.805,-1.002376,24.1,226.542624,,,,
Mark-to-Market Performance Summary,Data,Stocks,BX,0,12,--,139.78,-145.68,15.78,-1.000864,22.09,-108.810864,,,,
Mark-to-Market Performance Summary,Data,Stocks,CAT,0,3,--,329.8,-12.72,-1.38,-1.000156,6.34,-8.760156,,,,
Mark-to-Market Performance Summary,Data,Stocks,DXJ,0,6,--,110.18,51.9,-0.72,-1.000312,13.59,63.769688,,,,
Mark-to-Market Performance Summary,Data,Stocks,EMXC,0,9,--,55.09,-36.09,0.9,-1.000468,6.75,-29.440468,,,,
Mark-to-Market Performance Summary,Data,Stocks,GD,0,6,--,272.58,60.06,-14.1,-1.000276,0,44.959724,,,,
Mark-to-Market Performance Summary,Data,Stocks,GE,0,3,--,200.15,104.4,4.05,-1.000156,1.26,108.709844,,,,
Mark-to-Market Performance Summary,Data,Stocks,HYU,0,24,--,47.6,-246.71472,0,-3.2397,0,-249.95442,,,,
Mark-to-Market Performance Summary,Data,Stocks,IGPT,0,33,--,40.49,-242.22,-8.58,-1.002376,0,-251.802376,,,,
Mark-to-Market Performance Summary,Data,Stocks,LLY,0,6,--,825.91,118.62,0.84,-1.000288,12.6,131.059712,,,,
Mark-to-Market Performance Summary,Data,Stocks,LRCX,0,10,--,72.7,727,0,0,1.72,728.72,,,,
Mark-to-Market Performance Summary,Data,Stocks,LRCX,0,0,--,--,-734.31,-1.89,-1.000052,1.72,-735.480052,,,,
Mark-to-Market Performance Summary,Data,Stocks,MCHI,0,27,--,54.4,-70.2,12.825,-1.001944,18.05,-40.326944,,,,
Mark-to-Market Performance Summary,Data,Stocks,MSFT,0,6,--,375.39,-185.76,-15.9,-1.000288,7.46,-195.200288,,,,
Mark-to-Market Performance Summary,Data,Stocks,NFLX,0,2.4,--,932.53,16.75,-4.504,-1.0001728,0,11.2458272,,,,
Mark-to-Market Performance Summary,Data,Stocks,NOVd,0,30,--,63.02,-267.52347,41.5296,-3.2445,0,-229.23837,,,,
Mark-to-Market Performance Summary,Data,Stocks,NVDA,0,4.2,--,108.38,-68.33,20.456,-1.0001932,0,-48.8741932,,,,
Mark-to-Market Performance Summary,Data,Stocks,R6C0d,0,42,--,33.925,172.693374,-14.57946,-3.306,0,154.807914,,,,
Mark-to-Market Performance Summary,Data,Stocks,RIO,0,9,--,60.08,0.63,0.09,-1.000468,0,-0.280468,,,,
Mark-to-Market Performance Summary,Data,Stocks,SAUS,0,6,--,44.67,-14.977509,-1.2857982,-3.3105,0,-19.5738072,,,,
Mark-to-Market Performance Summary,Data,Stocks,SHELL.DRS,0,0,--,--,-0.396664,0,0,15.022464,14.6258,,,,
Mark-to-Market Performance Summary,Data,Stocks,SHELL.DVR,0,0,--,--,0.20413,0,0,14.19731,14.40144,,,,
Mark-to-Market Performance Summary,Data,Stocks,TGT,0,6,--,104.36,-277.38,-11.46,-1.000312,10.08,-279.760312,,,,
Mark-to-Market Performance Summary,Data,Stocks,TIP,0,60,--,111.09,102,-6.9,-1.00432,26.35,120.44568,,,,
Mark-to-Market Performance Summary,Data,Stocks,TSLA,0,0,--,--,-1670.7,374.203,-2.07125534,0,-1298.568255,,,,
Mark-to-Market Performance Summary,Data,Stocks,TSM,0,6,--,166,19.32,8.88,-1.000312,5.84,33.039688,,,,
Mark-to-Market Performance Summary,Data,Stocks,VKTX,0,33,--,24.15,-335.61,19.14,-1.001518,0,-317.471518,,,,
Mark-to-Market Performance Summary,Data,Total,,,,,,-3617.984349,493.3720218,-43.26012356,215.379774,-2952.492677,,,,
Mark-to-Market Performance Summary,Data,Forex,EUR,0,13.92,--,1.0815,-30.54599,0,0,0,-30.54599,,,,
Mark-to-Market Performance Summary,Data,Forex,JPY,0,0.000000055,--,0.006668,-10.70519,-5.332744,0,0,-16.037934,,,,
Mark-to-Market Performance Summary,Data,Forex,USD,0,20368.10729,1,1,0,-8.228733,0,0,-8.228733,,,,
Mark-to-Market Performance Summary,Data,Total,,,,,,-41.25118,-13.561477,0,0,-54.812657,,,,
Mark-to-Market Performance Summary,Data,Total (All Assets),,,,,,-3659.235529,479.8105448,-43.26012356,215.379774,-3007.305334,,,,
Mark-to-Market Performance Summary,Data,Broker Interest Paid and Received,,,,,,,,,,106.93,,,,
Mark-to-Market Performance Summary,Data,Other Fees,,,,,,,,,,-0.33,,,,
Mark-to-Market Performance Summary,Data,Advisor Fees,,,,,,,,,,-454.74,,,,
Total P/L for Statement Period,,,,,,,,,,,,-3355.445334,,,,
Realized & Unrealized Performance Summary,Header,Asset Category,Symbol,Cost Adj.,Realized S/T Profit,Realized S/T Loss,Realized L/T Profit,Realized L/T Loss,Realized Total,Unrealized S/T Profit,Unrealized S/T Loss,Unrealized L/T Profit,Unrealized L/T Loss,Unrealized Total,Total,Code
Realized & Unrealized Performance Summary,Data,Stocks,4568.T,0,0,0,0,0,0,0,-141.3455968,0,0,-141.3455968,-141.3455968,
Realized & Unrealized Performance Summary,Data,Stocks,AIQ,0,0,0,0,0,0,0,-137.082592,0,0,-137.082592,-137.082592,
Realized & Unrealized Performance Summary,Data,Stocks,AMD,0,0,0,0,0,0,0,-19.444055,0,0,-19.444055,-19.444055,
Realized & Unrealized Performance Summary,Data,Stocks,AMZN,0,0,0,0,0,0,96.55979,0,0,0,96.55979,96.55979,
Realized & Unrealized Performance Summary,Data,Stocks,ASML,0,0,0,0,0,0,0,-352.930432,0,0,-352.930432,-352.930432,
Realized & Unrealized Performance Summary,Data,Stocks,AVGO,0,0,0,0,0,0,264.769685,0,0,0,264.769685,264.769685,
Realized & Unrealized Performance Summary,Data,Stocks,BLBD,0,0,-529.7743108,0,0,-529.7743108,0,0,0,0,0,-529.7743108,
Realized & Unrealized Performance Summary,Data,Stocks,BTI,0,0,0,0,0,0,202.442624,0,0,0,202.442624,202.442624,
Realized & Unrealized Performance Summary,Data,Stocks,BX,-14.14799993,0,0,0,0,0,0,-116.752864,0,0,-116.752864,-116.752864,
Realized & Unrealized Performance Summary,Data,Stocks,CAT,0,0,0,0,0,0,0,-15.100105,0,0,-15.100105,-15.100105,
Realized & Unrealized Performance Summary,Data,Stocks,DXJ,0,0,0,0,0,0,51.180102,0,0,0,51.180102,51.180102,
Realized & Unrealized Performance Summary,Data,Stocks,EMXC,0,0,0,0,0,0,0,-36.190315,0,0,-36.190315,-36.190315,
Realized & Unrealized Performance Summary,Data,Stocks,GD,0,0,0,0,0,0,44.959724,0,0,0,44.959724,44.959724,
Realized & Unrealized Performance Summary,Data,Stocks,GE,0,0,0,0,0,0,107.449895,0,0,0,107.449895,107.449895,
Realized & Unrealized Performance Summary,Data,Stocks,HYU,0,0,0,0,0,0,0,-252.4221,0,0,-252.4221,-252.4221,
Realized & Unrealized Performance Summary,Data,Stocks,IGPT,0,0,0,0,0,0,0,-251.802376,0,0,-251.802376,-251.802376,
Realized & Unrealized Performance Summary,Data,Stocks,LLY,0,0,0,0,0,0,118.459712,0,0,0,118.459712,118.459712,
Realized & Unrealized Performance Summary,Data,Stocks,LRCX,0,0,0,0,0,0,0,-10.200035,0,0,-10.200035,-10.200035,
Realized & Unrealized Performance Summary,Data,Stocks,MCHI,0,0,0,0,0,0,0,-58.376944,0,0,-58.376944,-58.376944,
Realized & Unrealized Performance Summary,Data,Stocks,MSFT,0,0,0,0,0,0,0,-202.660288,0,0,-202.660288,-202.660288,
Realized & Unrealized Performance Summary,Data,Stocks,NFLX,0,0,0,0,0,0,11.245827,0,0,0,11.245827,11.245827,
Realized & Unrealized Performance Summary,Data,Stocks,NOVd,0,0,0,0,0,0,0,-229.7106,0,0,-229.7106,-229.7106,
Realized & Unrealized Performance Summary,Data,Stocks,NVDA,0,0,0,0,0,0,0,-48.874193,0,0,-48.874193,-48.874193,
Realized & Unrealized Performance Summary,Data,Stocks,R6C0d,0,0,0,0,0,0,157.325805,0,0,0,157.325805,157.325805,
Realized & Unrealized Performance Summary,Data,Stocks,RIO,0,0,0,0,0,0,0,-0.280315,0,0,-0.280315,-0.280315,
Realized & Unrealized Performance Summary,Data,Stocks,SAUS,0,0,0,0,0,0,0,-20.2080438,0,0,-20.2080438,-20.2080438,
Realized & Unrealized Performance Summary,Data,Stocks,TGT,0,0,0,0,0,0,0,-289.84021,0,0,-289.84021,-289.84021,
Realized & Unrealized Performance Summary,Data,Stocks,TIP,0,0,0,0,0,0,94.09568,0,0,0,94.09568,94.09568,
Realized & Unrealized Performance Summary,Data,Stocks,TSLA,0,0,-1298.568255,0,0,-1298.568255,0,0,0,0,0,-1298.568255,
Realized & Unrealized Performance Summary,Data,Stocks,TSM,0,0,0,0,0,0,27.19979,0,0,0,27.19979,27.19979,
Realized & Unrealized Performance Summary,Data,Stocks,VKTX,0,0,0,0,0,0,0,-317.471518,0,0,-317.471518,-317.471518,
Realized & Unrealized Performance Summary,Data,Total,,-14.14799993,0,-1828.342566,0,0,-1828.342566,1175.688634,-2500.692583,0,0,-1325.003949,-3153.346515,
Realized & Unrealized Performance Summary,Data,Forex,EUR,0,0.61924,-8.228733,0,0,-7.609493,0.019488,0,0,0,0.019488,-7.590005,
Realized & Unrealized Performance Summary,Data,Forex,JPY,0,0,-5.332744,0,0,-5.332744,0,0,0,0,0,-5.332744,
Realized & Unrealized Performance Summary,Data,Total,,0,0.61924,-13.561477,0,0,-12.942237,0.019488,0,0,0,0.019488,-12.922749,
Realized & Unrealized Performance Summary,Data,Total (All Assets),,-14.14799993,0.61924,-1841.904043,0,0,-1841.284803,1175.708122,-2500.692583,0,0,-1324.984461,-3166.269264,
Cash Report,Header,Currency Summary,Currency,Total,Securities,Futures,,,,,,,,,,
Cash Report,Data,Starting Cash,Base Currency Summary,0,0,0,,,,,,,,,,
Cash Report,Data,Commissions,Base Currency Summary,-42.25981156,-42.25981156,0,,,,,,,,,,
Cash Report,Data,Deposits,Base Currency Summary,69730.01,69730.01,0,,,,,,,,,,
Cash Report,Data,Dividends,Base Currency Summary,255.829774,255.829774,0,,,,,,,,,,
Cash Report,Data,Broker Interest Paid and Received,Base Currency Summary,106.93,106.93,0,,,,,,,,,,
Cash Report,Data,Trades (Sales),Base Currency Summary,12490.91303,12490.91303,0,,,,,,,,,,
Cash Report,Data,Trades (Purchase),Base Currency Summary,-61663.39247,-61663.39247,0,,,,,,,,,,
Cash Report,Data,Other Fees,Base Currency Summary,-0.33,-0.33,0,,,,,,,,,,
Cash Report,Data,Advisor Fees,Base Currency Summary,-454.74,-454.74,0,,,,,,,,,,
Cash Report,Data,Withholding Tax,Base Currency Summary,-40.45,-40.45,0,,,,,,,,,,
Cash Report,Data,Cash FX Translation Gain/Loss,Base Currency Summary,0.651256,0.651256,0,,,,,,,,,,
Cash Report,Data,Ending Cash,Base Currency Summary,20383.16177,20383.16177,0,,,,,,,,,,
Cash Report,Data,Ending Settled Cash,Base Currency Summary,20383.16177,20383.16177,0,,,,,,,,,,
Cash Report,Data,Starting Cash,EUR,0,0,0,,,,,,,,,,
Cash Report,Data,Commissions,EUR,-12,-12,0,,,,,,,,,,
Cash Report,Data,Dividends,EUR,27.62,27.62,0,,,,,,,,,,
Cash Report,Data,Trades (Sales),EUR,5031.2052,5031.2052,0,,,,,,,,,,
Cash Report,Data,Trades (Purchase),EUR,-5032.9052,-5032.9052,0,,,,,,,,,,
Cash Report,Data,Ending Cash,EUR,13.92,13.92,0,,,,,,,,,,
Cash Report,Data,Ending Settled Cash,EUR,13.92,13.92,0,,,,,,,,,,
Cash Report,Data,Starting Cash,JPY,0,0,0,,,,,,,,,,
Cash Report,Data,Commissions,JPY,-297.6,-297.6,0,,,,,,,,,,
Cash Report,Data,Trades (Sales),JPY,372333.641,372333.641,0,,,,,,,,,,
Cash Report,Data,Trades (Purchase),JPY,-372036.041,-372036.041,0,,,,,,,,,,
Cash Report,Data,Ending Cash,JPY,0.000000055,0.000000055,0,,,,,,,,,,
Cash Report,Data,Ending Settled Cash,JPY,0.000000055,0.000000055,0,,,,,,,,,,
Cash Report,Data,Starting Cash,USD,0,0,0,,,,,,,,,,
Cash Report,Data,Commissions,USD,-27.16596532,-27.16596532,0,,,,,,,,,,
Cash Report,Data,Deposits,USD,69730.01,69730.01,0,,,,,,,,,,
Cash Report,Data,Dividends,USD,226.61,226.61,0,,,,,,,,,,
Cash Report,Data,Broker Interest Paid and Received,USD,106.93,106.93,0,,,,,,,,,,
Cash Report,Data,Trades (Sales),USD,4525.663343,4525.663343,0,,,,,,,,,,
Cash Report,Data,Trades (Purchase),USD,-53698.42008,-53698.42008,0,,,,,,,,,,
Cash Report,Data,Other Fees,USD,-0.33,-0.33,0,,,,,,,,,,
Cash Report,Data,Advisor Fees,USD,-454.74,-454.74,0,,,,,,,,,,
Cash Report,Data,Withholding Tax,USD,-40.45,-40.45,0,,,,,,,,,,
Cash Report,Data,Ending Cash,USD,20368.10729,20368.10729,0,,,,,,,,,,
Cash Report,Data,Ending Settled Cash,USD,20368.10729,20368.10729,0,,,,,,,,,,
Open Positions,Header,DataDiscriminator,Asset Category,Currency,Symbol,Quantity,Mult,Cost Price,Cost Basis,Close Price,Value,Unrealized P/L,Code,,,
Open Positions,Data,Summary,Stocks,EUR,HYU,24,1,57.325,1375.8,47.6,1142.4,-233.4,,,,
Open Positions,Data,Summary,Stocks,EUR,NOVd,30,1,70.1,2103,63.02,1890.6,-212.4,,,,
Open Positions,Data,Summary,Stocks,EUR,R6C0d,42,1,30.46142857,1279.38,33.925,1424.85,145.47,,,,
Open Positions,Data,Summary,Stocks,EUR,SAUS,6,1,47.7842,286.7052,44.67,268.02,-18.6852,,,,
Open Positions,Total,,Stocks,EUR,,,,,5044.8852,,4725.87,-319.0152,,,,
Open Positions,Total,,Stocks,USD,,,,,5456.043344,,5111.028405,-345.0149388,,,,
Open Positions,Data,Summary,Stocks,JPY,4568.T,100,1,3722.976,372297.6,3511,351100,-21197.6,,,,
Open Positions,Total,,Stocks,JPY,,,,,372297.6,,351100,-21197.6,,,,
Open Positions,Total,,Stocks,USD,,,,,2482.480397,,2341.1348,-141.3455968,,,,
Open Positions,Data,Summary,Stocks,USD,AIQ,36,1,40.18784978,1446.762592,36.38,1309.68,-137.082592,,,,
Open Positions,Data,Summary,Stocks,USD,AMD,1.2,1,118.9450458,142.734055,102.74,123.29,-19.444055,,,,
Open Positions,Data,Summary,Stocks,USD,AMZN,6,1,174.1667017,1045.00021,190.26,1141.56,96.55979,,,,
Open Positions,Data,Summary,Stocks,USD,ASML,6,1,721.4517387,4328.710432,662.63,3975.78,-352.930432,,,,
Open Positions,Data,Summary,Stocks,USD,AVGO,9,1,138.0111461,1242.100315,167.43,1506.87,264.769685,,,,
Open Positions,Data,Summary,Stocks,USD,BTI,33,1,35.23537503,1162.767376,41.37,1365.21,202.442624,,,,
Open Positions,Data,Summary,Stocks,USD,BX,12,1,149.5094053,1794.112864,139.78,1677.36,-116.752864,,,,
Open Positions,Data,Summary,Stocks,USD,CAT,3,1,334.8333683,1004.500105,329.8,989.4,-15.100105,,,,
Open Positions,Data,Summary,Stocks,USD,DXJ,6,1,101.649983,609.899898,110.18,661.08,51.180102,,,,
Open Positions,Data,Summary,Stocks,USD,EMXC,9,1,59.11114611,532.000315,55.09,495.81,-36.190315,,,,
Open Positions,Data,Summary,Stocks,USD,GD,6,1,265.0867127,1590.520276,272.58,1635.48,44.959724,,,,
Open Positions,Data,Summary,Stocks,USD,GE,3,1,164.3333683,493.000105,200.15,600.45,107.449895,,,,
Open Positions,Data,Summary,Stocks,USD,IGPT,33,1,48.12037503,1587.972376,40.49,1336.17,-251.802376,,,,
Open Positions,Data,Summary,Stocks,USD,LLY,6,1,806.1667147,4837.000288,825.91,4955.46,118.459712,,,,
Open Positions,Data,Summary,Stocks,USD,LRCX,10,1,73.7200035,737.200035,72.7,727,-10.200035,,,,
Open Positions,Data,Summary,Stocks,USD,MCHI,27,1,56.56210904,1527.176944,54.4,1468.8,-58.376944,,,,
Open Positions,Data,Summary,Stocks,USD,MSFT,6,1,409.1667147,2455.000288,375.39,2252.34,-202.660288,,,,
Open Positions,Data,Summary,Stocks,USD,NFLX,2.4,1,927.8434054,2226.824173,932.53,2238.07,11.245827,,,,
Open Positions,Data,Summary,Stocks,USD,NVDA,4.2,1,120.017665,504.074193,108.38,455.2,-48.874193,,,,
Open Positions,Data,Summary,Stocks,USD,RIO,9,1,60.11114611,541.000315,60.08,540.72,-0.280315,,,,
Open Positions,Data,Summary,Stocks,USD,TGT,6,1,152.6667017,916.00021,104.36,626.16,-289.84021,,,,
Open Positions,Data,Summary,Stocks,USD,TIP,60,1,109.5217387,6571.30432,111.09,6665.4,94.09568,,,,
Open Positions,Data,Summary,Stocks,USD,TSM,6,1,161.4667017,968.80021,166,996,27.19979,,,,
Open Positions,Data,Summary,Stocks,USD,VKTX,33,1,33.77034903,1114.421518,24.15,796.95,-317.471518,,,,
Open Positions,Total,,Stocks,USD,,,,,39378.88341,,38540.24,-838.643413,,,,
Open Positions,Total,,Stocks,USD,,,,,47317.40715,,45992.40321,-1325.003949,,,,
Forex Balances,Header,Asset Category,Currency,Description,Quantity,Cost Price,Cost Basis in USD,Close Price,Value in USD,Unrealized P/L in USD,Code,,,,,
Forex Balances,Data,Forex,USD,EUR,13.92,1.0801,-15.034992,1.0815,15.05448,0.019488,,,,,,
Forex Balances,Data,Forex,USD,USD,20368.10729,0,-20368.10729,1,20368.10729,0,,,,,,
Forex Balances,Data,Total,,,,,-20383.14229,,20383.16177,0.019488,,,,,,
Net Stock Position Summary,Header,Asset Category,Currency,Symbol,Description,Shares at IB,Shares Borrowed,Shares Lent,Net Shares,,,,,,,
Net Stock Position Summary,Data,Stocks,EUR,HYU,HYUNDAI MOTOR CO-REG S GDR,24,0,0,24,,,,,,,
Net Stock Position Summary,Data,Stocks,EUR,NOVd,NOVO NORDISK A/S-B,30,0,0,30,,,,,,,
Net Stock Position Summary,Data,Stocks,EUR,R6C0d,SHELL PLC,42,0,0,42,,,,,,,
Net Stock Position Summary,Data,Stocks,EUR,SAUS,ISHARES MSCI AUSTRALIA,6,0,0,6,,,,,,,
Net Stock Position Summary,Data,Stocks,JPY,4568.T,DAIICHI SANKYO CO LTD,100,0,0,100,,,,,,,
Net Stock Position Summary,Data,Stocks,USD,AIQ,GLOBAL X ART INTEL & TECH,36,0,0,36,,,,,,,
Net Stock Position Summary,Data,Stocks,USD,AMD,ADVANCED MICRO DEVICES,1.2,0,0,1.2,,,,,,,
Net Stock Position Summary,Data,Stocks,USD,AMZN,AMAZON.COM INC,6,0,0,6,,,,,,,
Net Stock Position Summary,Data,Stocks,USD,ASML,ASML HOLDING NV-NY REG SHS,6,0,0,6,,,,,,,
Net Stock Position Summary,Data,Stocks,USD,AVGO,BROADCOM INC,9,0,0,9,,,,,,,
Net Stock Position Summary,Data,Stocks,USD,BTI,BRITISH AMERICAN TOB-SP ADR,33,0,0,33,,,,,,,
Net Stock Position Summary,Data,Stocks,USD,BX,BLACKSTONE INC,12,0,0,12,,,,,,,
Net Stock Position Summary,Data,Stocks,USD,CAT,CATERPILLAR INC,3,0,0,3,,,,,,,
Net Stock Position Summary,Data,Stocks,USD,DXJ,WISDOMTREE JAPAN HEDGED EQ,6,0,0,6,,,,,,,
Net Stock Position Summary,Data,Stocks,USD,EMXC,ISHARES MSCI EMR MRK EX CHNA,9,0,0,9,,,,,,,
Net Stock Position Summary,Data,Stocks,USD,GD,GENERAL DYNAMICS CORP,6,0,0,6,,,,,,,
Net Stock Position Summary,Data,Stocks,USD,GE,GENERAL ELECTRIC,3,0,0,3,,,,,,,
Net Stock Position Summary,Data,Stocks,USD,IGPT,INVESCO AI AND NEXT GEN SOFT,33,0,0,33,,,,,,,
Net Stock Position Summary,Data,Stocks,USD,LLY,ELI LILLY & CO,6,0,0,6,,,,,,,
Net Stock Position Summary,Data,Stocks,USD,LRCX,LAM RESEARCH CORP,10,0,0,10,,,,,,,
Net Stock Position Summary,Data,Stocks,USD,MCHI,ISHARES MSCI CHINA ETF,27,0,0,27,,,,,,,
Net Stock Position Summary,Data,Stocks,USD,MSFT,MICROSOFT CORP,6,0,0,6,,,,,,,
Net Stock Position Summary,Data,Stocks,USD,NFLX,NETFLIX INC,2.4,0,0,2.4,,,,,,,
Net Stock Position Summary,Data,Stocks,USD,NVDA,NVIDIA CORP,4.2,0,0,4.2,,,,,,,
Net Stock Position Summary,Data,Stocks,USD,RIO,RIO TINTO PLC-SPON ADR,9,0,0,9,,,,,,,
Net Stock Position Summary,Data,Stocks,USD,TGT,TARGET CORP,6,0,0,6,,,,,,,
Net Stock Position Summary,Data,Stocks,USD,TIP,ISHARES TIPS BOND ETF,60,0,0,60,,,,,,,
Net Stock Position Summary,Data,Stocks,USD,TSM,TAIWAN SEMICONDUCTOR-SP ADR,6,0,0,6,,,,,,,
Net Stock Position Summary,Data,Stocks,USD,VKTX,VIKING THERAPEUTICS INC,33,0,0,33,,,,,,,
Trades,Header,DataDiscriminator,Asset Category,Currency,Symbol,Date/Time,Quantity,T. Price,C. Price,Proceeds,Comm/Fee,Basis,Realized P/L,MTM P/L,Code,
Trades,Data,Order,Stocks,EUR,HYU,"2024-10-22, 11:58:37",24,57.2,57.2,-1372.8,-3,1375.8,0,0,O,
Trades,SubTotal,,Stocks,EUR,HYU,,24,,,-1372.8,-3,1375.8,0,0,,
Trades,Data,Order,Stocks,EUR,NOVd,"2025-03-21, 9:31:50",30,70,71.28,-2100,-3,2103,0,38.4,O,
Trades,SubTotal,,Stocks,EUR,NOVd,,30,,,-2100,-3,2103,0,38.4,,
Trades,Data,Order,Stocks,EUR,R6C0d,"2024-09-10, 6:56:24",42,30.39,30.075,-1276.38,-3,1279.38,0,-13.23,O,
Trades,SubTotal,,Stocks,EUR,R6C0d,,42,,,-1276.38,-3,1279.38,0,-13.23,,
Trades,Data,Order,Stocks,EUR,SAUS,"2024-09-09, 10:18:12",6,47.2842,47.09,-283.7052,-3,286.7052,0,-1.1652,O,
Trades,SubTotal,,Stocks,EUR,SAUS,,6,,,-283.7052,-3,286.7052,0,-1.1652,,
Trades,Total,,Stocks,EUR,,,,,,-5032.8852,-12,5044.8852,0,24.0048,,
Trades,Total,,Stocks,USD,,,,,,-5473.276168,-13.1007,5486.376868,0,25.6643418,,
Trades,Data,Order,Stocks,JPY,4568.T,"2025-03-20, 23:30:00",100,3720,3702,-372000,-297.6,372297.6,0,-1800,O,
Trades,SubTotal,,Stocks,JPY,4568.T,,100,,,-372000,-297.6,372297.6,0,-1800,,
Trades,Total,,Stocks,JPY,,,,,,-372000,-297.6,372297.6,0,-1800,,
Trades,Total,,Stocks,USD,,,,,,-2491.4328,-1.99314624,2493.425946,0,-12.05532,,
Trades,Data,Order,Stocks,USD,AIQ,"2024-12-12, 10:31:59",36,40.16,40.06,-1445.76,-1.002592,1446.762592,0,-3.6,O,
Trades,SubTotal,,Stocks,USD,AIQ,,36,,,-1445.76,-1.002592,1446.762592,0,-3.6,,
Trades,Data,Order,Stocks,USD,AMD,"2025-01-30, 12:39:32",1.2,118.1116667,118.86,-141.734,-1.0000552,142.7340552,0,0.898,FPA;O;P,
Trades,SubTotal,,Stocks,USD,AMD,,1.2,,,-141.734,-1.0000552,142.7340552,0,0.898,,
Trades,Data,Order,Stocks,USD,AMZN,"2024-09-09, 10:30:40",6,174,175.4,-1044,-1.000312,1045.000312,0,8.4,O,
Trades,SubTotal,,Stocks,USD,AMZN,,6,,,-1044,-1.000312,1045.000312,0,8.4,,
Trades,Data,Order,Stocks,USD,ASML,"2024-10-22, 11:59:53",6,721.285,720.91,-4327.71,-1.000432,4328.710432,0,-2.25,O,
Trades,SubTotal,,Stocks,USD,ASML,,6,,,-4327.71,-1.000432,4328.710432,0,-2.25,,
Trades,Data,Order,Stocks,USD,AVGO,"2024-09-09, 9:53:02",9,137.9,140.82,-1241.1,-1.000468,1242.100468,0,26.28,O,
Trades,SubTotal,,Stocks,USD,AVGO,,9,,,-1241.1,-1.000468,1242.100468,0,26.28,,
Trades,Data,Order,Stocks,USD,BLBD,"2024-10-22, 11:57:37",60,43.13,43.37,-2587.8,-1.00432,2588.80432,0,14.4,O,
Trades,Data,Order,Stocks,USD,BLBD,"2025-03-10, 9:54:35",-60,34.335,33.65,2060.1,-1.06999078,-2588.80432,-529.774311,41.1,C,
Trades,SubTotal,,Stocks,USD,BLBD,,0,,,-527.7,-2.07431078,0,-529.774311,55.5,,
Trades,Data,Order,Stocks,USD,BTI,"2024-10-04, 12:22:53",33,35.205,35.29,-1161.765,-1.002376,1162.767376,0,2.805,O;P,
Trades,SubTotal,,Stocks,USD,BTI,,33,,,-1161.765,-1.002376,1162.767376,0,2.805,,
Trades,Data,Order,Stocks,USD,BX,"2024-10-04, 12:26:41",12,150.605,151.92,-1807.26,-1.000864,1808.260864,0,15.78,O;P,
Trades,SubTotal,,Stocks,USD,BX,,12,,,-1807.26,-1.000864,1808.260864,0,15.78,,
Trades,Data,Order,Stocks,USD,CAT,"2024-09-09, 10:23:24",3,334.5,334.04,-1003.5,-1.000156,1004.500156,0,-1.38,O,
Trades,SubTotal,,Stocks,USD,CAT,,3,,,-1003.5,-1.000156,1004.500156,0,-1.38,,
Trades,Data,Order,Stocks,USD,DXJ,"2024-09-09, 10:24:30",6,101.65,101.53,-609.9,-1.000312,610.900312,0,-0.72,O,
Trades,SubTotal,,Stocks,USD,DXJ,,6,,,-609.9,-1.000312,610.900312,0,-0.72,,
Trades,Data,Order,Stocks,USD,EMXC,"2024-09-09, 10:30:17",9,59,59.1,-531,-1.000468,532.000468,0,0.9,O,
Trades,SubTotal,,Stocks,USD,EMXC,,9,,,-531,-1.000468,532.000468,0,0.9,,
Trades,Data,Order,Stocks,USD,GD,"2025-01-28, 12:50:27",6,264.92,262.57,-1589.52,-1.000276,1590.520276,0,-14.1,O;P,
Trades,SubTotal,,Stocks,USD,GD,,6,,,-1589.52,-1.000276,1590.520276,0,-14.1,,
Trades,Data,Order,Stocks,USD,GE,"2024-09-09, 10:13:31",3,164,165.35,-492,-1.000156,493.000156,0,4.05,O,
Trades,SubTotal,,Stocks,USD,GE,,3,,,-492,-1.000156,493.000156,0,4.05,,
Trades,Data,Order,Stocks,USD,IGPT,"2024-12-12, 10:32:27",33,48.09,47.83,-1586.97,-1.002376,1587.972376,0,-8.58,O,
Trades,SubTotal,,Stocks,USD,IGPT,,33,,,-1586.97,-1.002376,1587.972376,0,-8.58,,
Trades,Data,Order,Stocks,USD,LLY,"2024-11-04, 14:02:44",6,806,806.14,-4836,-1.000288,4837.000288,0,0.84,O,
Trades,SubTotal,,Stocks,USD,LLY,,6,,,-4836,-1.000288,4837.000288,0,0.84,,
Trades,Data,Order,Stocks,USD,LRCX,"2024-09-09, 10:19:00",1,736.2,734.31,-736.2,-1.000052,737.200052,0,-1.89,O,
Trades,SubTotal,,Stocks,USD,LRCX,,1,,,-736.2,-1.000052,737.200052,0,-1.89,,
Trades,Data,Order,Stocks,USD,MCHI,"2024-10-04, 12:12:47",27,56.525,57,-1526.175,-1.001944,1527.176944,0,12.825,O;P,
Trades,SubTotal,,Stocks,USD,MCHI,,27,,,-1526.175,-1.001944,1527.176944,0,12.825,,
Trades,Data,Order,Stocks,USD,MSFT,"2024-10-31, 15:35:08",6,409,406.35,-2454,-1.000288,2455.000288,0,-15.9,O,
Trades,SubTotal,,Stocks,USD,MSFT,,6,,,-2454,-1.000288,2455.000288,0,-15.9,,
Trades,Data,Order,Stocks,USD,NFLX,"2024-12-12, 10:06:11",2.4,927.4266667,925.55,-2225.824,-1.0001728,2226.824173,0,-4.504,FPA;O;P,
Trades,SubTotal,,Stocks,USD,NFLX,,2.4,,,-2225.824,-1.0001728,2226.824173,0,-4.504,,
Trades,Data,Order,Stocks,USD,NVDA,"2025-01-30, 12:37:48",4.2,119.7795238,124.65,-503.074,-1.0001932,504.0741932,0,20.456,IM;O;P;RPA,
Trades,SubTotal,,Stocks,USD,NVDA,,4.2,,,-503.074,-1.0001932,504.0741932,0,20.456,,
Trades,Data,Order,Stocks,USD,RIO,"2024-09-09, 11:21:08",9,60,60.01,-540,-1.000468,541.000468,0,0.09,O,
Trades,SubTotal,,Stocks,USD,RIO,,9,,,-540,-1.000468,541.000468,0,0.09,,
Trades,Data,Order,Stocks,USD,TGT,"2024-09-09, 10:15:43",6,152.5,150.59,-915,-1.000312,916.000312,0,-11.46,O,
Trades,SubTotal,,Stocks,USD,TGT,,6,,,-915,-1.000312,916.000312,0,-11.46,,
Trades,Data,Order,Stocks,USD,TIP,"2024-10-04, 12:17:26",60,109.505,109.39,-6570.3,-1.00432,6571.30432,0,-6.9,O;P,
Trades,SubTotal,,Stocks,USD,TIP,,60,,,-6570.3,-1.00432,6571.30432,0,-6.9,,
Trades,Data,Order,Stocks,USD,TSLA,"2024-12-06, 9:48:32",10,376.1797,389.22,-3761.797,-1.0006,3762.7976,0,130.403,IM;O;P,
Trades,Data,Order,Stocks,USD,TSLA,"2025-03-10, 9:41:48",-10,246.53,222.15,2465.3,-1.07065534,-3762.7976,-1298.568256,243.8,C,
Trades,SubTotal,,Stocks,USD,TSLA,,0,,,-1296.497,-2.07125534,0,-1298.568256,374.203,,
Trades,Data,Order,Stocks,USD,TSM,"2024-09-09, 9:55:58",6,161.3,162.78,-967.8,-1.000312,968.800312,0,8.88,O,
Trades,SubTotal,,Stocks,USD,TSM,,6,,,-967.8,-1.000312,968.800312,0,8.88,,
Trades,Data,Order,Stocks,USD,VKTX,"2025-01-28, 12:51:31",33,33.74,34.32,-1113.42,-1.001518,1114.421518,0,19.14,O,
Trades,SubTotal,,Stocks,USD,VKTX,,33,,,-1113.42,-1.001518,1114.421518,0,19.14,,
Trades,Total,,Stocks,USD,,,,,,-41194.209,-28.16627732,39394.03271,-1828.342567,479.763,,
Trades,Header,DataDiscriminator,Asset Category,Currency,Symbol,Date/Time,Quantity,T. Price,,Proceeds,Comm in USD,,,MTM in USD,Code,
Trades,Data,Order,Forex,JPY,USD.JPY,"2025-03-20, 23:30:00",-2,149.06,,298.12,0,,,-0.003371,AFx,
Trades,Data,Order,Forex,JPY,USD.JPY,"2025-03-20, 23:30:00","-2,497",148.993,,372035.521,0,,,-5.329302,AFx,
Trades,Data,Order,Forex,JPY,USD.JPY,"2025-03-21, 17:00:00",0.00348009,149.4214252,,-0.520000008,0,,,-0.000003,,
Trades,Data,Order,Forex,JPY,USD.JPY,"2025-03-21, 17:00:00",0.23782966,149.354793,,-35.52099994,0,,,-0.000068,,
Trades,SubTotal,,Forex,JPY,USD.JPY,,-2498.75869,,,372297.6,0,,,-5.332744,,
Trades,Total,,Forex,JPY,,,,,,372297.6,0,,,-5.332744,,
Trades,Total,,Forex,USD,,,,,,2493.425946,0,,,-5.332744,,
Trades,Data,Order,Forex,USD,EUR.USD,"2024-09-09, 10:18:14",3,1.10405,,-3.31215,0,,,-0.00165,AFx,
Trades,Data,Order,Forex,USD,EUR.USD,"2024-09-09, 10:18:14",283.7,1.10415,,-313.247355,0,,,-0.184405,AFx,
Trades,Data,Order,Forex,USD,EUR.USD,"2024-09-09, 17:00:00",0.0052,1.10383105,,-0.005739921,0,,,-0.000002,,
Trades,Data,Order,Forex,USD,EUR.USD,"2024-09-10, 6:56:24","1,276.40",1.10395,,-1409.08178,0,,,-2.48898,AFx,
Trades,Data,Order,Forex,USD,EUR.USD,"2024-09-10, 6:56:24",3,1.1039,,-3.3117,0,,,-0.0057,AFx,
Trades,Data,Order,Forex,USD,EUR.USD,"2024-09-10, 17:00:00",-0.02,1.1016694,,0.022033388,0,,,-0.000007,,
Trades,Data,Order,Forex,USD,EUR.USD,"2024-10-22, 11:58:37",3,1.08075,,-3.24225,0,,,-0.00255,AFx,
Trades,Data,Order,Forex,USD,EUR.USD,"2024-10-22, 11:58:37","1,372.80",1.08085,,-1483.79088,0,,,-1.30416,AFx,
Trades,Data,Order,Forex,USD,EUR.USD,"2025-03-21, 9:31:50","2,089.30",1.08353,,-2263.819229,0,,,-4.241279,AFx,
Trades,SubTotal,,Forex,USD,EUR.USD,,5031.1852,,,-5479.789051,0,,,-8.228733,,
Trades,Total,,Forex,USD,,,,,,-5479.789051,0,,,-8.228733,,
Corporate Actions,Header,Asset Category,Currency,Report Date,Date/Time,Description,Quantity,Proceeds,Value,Realized P/L,Code,,,,,
Corporate Actions,Data,Stocks,EUR,2024-11-14,"2024-11-13, 20:25:00","SHELL(GB00BP6MXD84) Dividend Rights Issue  1 for 1 (SHELL.DVR, SHELL PLC - DIVIDEND RIGHTS, NL0015002AR9)",42,0,0,0,,,,,,
Corporate Actions,Data,Stocks,EUR,2024-12-19,"2024-12-19, 20:20:00","SHELL.DVR(NL0015002AR9) Expire Dividend Right (SHELL.DVR, SHELL PLC - DIVIDEND RIGHTS, NL0015002AR9)",-42,0,0,0,,,,,,
Corporate Actions,Data,Stocks,EUR,2025-02-13,"2025-02-12, 20:25:00","SHELL(GB00BP6MXD84) Dividend Rights Issue  1 for 1 (SHELL.DRS, SHELL PLC - DIVIDEND RIGHTS, NL0015002E16)",42,0,0,0,,,,,,
Corporate Actions,Data,Stocks,EUR,2025-03-25,"2025-03-24, 20:20:00","SHELL.DRS(NL0015002E16) Expire Dividend Right (SHELL.DRS, SHELL PLC - DIVIDEND RIGHTS, NL0015002E16)",-42,0,0,0,,,,,,
Corporate Actions,Data,Total,,,,,,0,0,0,,,,,,
Corporate Actions,Data,Total in USD,,,,,,0,0,0,,,,,,
Corporate Actions,Data,Stocks,USD,2024-10-03,"2024-10-02, 20:25:00","LRCX(US5128071082) Split 10 for 1 (LRCX, LAM RESEARCH CORP, US5128073062)",10,0,0,0,,,,,,
Corporate Actions,Data,Stocks,USD,2024-10-03,"2024-10-02, 20:25:00","LRCX(US5128071082) Split 10 for 1 (LRCX.OLD, LAM RESEARCH CORP, US5128071082)",-1,0,0,0,,,,,,
Corporate Actions,Data,Total,,,,,,0,0,0,,,,,,
Deposits & Withdrawals,Header,Currency,Settle Date,Description,Amount,,,,,,,,,,,
Deposits & Withdrawals,Data,USD,2024-09-06,Electronic Fund Transfer,19280,,,,,,,,,,,
Deposits & Withdrawals,Data,USD,2024-09-27,Electronic Fund Transfer,20100,,,,,,,,,,,
Deposits & Withdrawals,Data,USD,2024-10-01,Electronic Fund Transfer,19000,,,,,,,,,,,
Deposits & Withdrawals,Data,USD,2024-12-18,Commission Adjustment (Consolidated Audit Trail Fee Refund),0.01,,,,,,,,,,,
Deposits & Withdrawals,Data,USD,2025-03-17,Electronic Fund Transfer,11350,,,,,,,,,,,
Deposits & Withdrawals,Data,Total,,,69730.01,,,,,,,,,,,
Fees,Header,Subtitle,Currency,Date,Description,Amount,,,,,,,,,,
Fees,Data,Advisor Fees,USD,2024-10-01,"FA Fee: Percent of Equity, Posted Monthly",-20.04,,,,,,,,,,
Fees,Data,Advisor Fees,USD,2024-10-03,FA Fee: Percentage of Quarterly Profit,-69.4,,,,,,,,,,
Fees,Data,Advisor Fees,USD,2024-11-01,"FA Fee: Percent of Equity, Posted Monthly",-79.88,,,,,,,,,,
Fees,Data,Advisor Fees,USD,2024-12-02,"FA Fee: Percent of Equity, Posted Monthly",-69.63,,,,,,,,,,
Fees,Data,Advisor Fees,USD,2025-01-02,"FA Fee: Percent of Equity, Posted Monthly",-74.41,,,,,,,,,,
Fees,Data,Advisor Fees,USD,2025-02-03,"FA Fee: Percent of Equity, Posted Monthly",-74.21,,,,,,,,,,
Fees,Data,Advisor Fees,USD,2025-03-03,"FA Fee: Percent of Equity, Posted Monthly",-67.17,,,,,,,,,,
Fees,Data,Total,,,,-454.74,,,,,,,,,,
Fees,Data,Other Fees,USD,2025-02-06,BTI(US1104481072) Cash Dividend USD 0.730435 per Share - FEE,-0.33,,,,,,,,,,
Fees,Data,Total,,,,-0.33,,,,,,,,,,
Dividends,Header,Currency,Date,Description,Amount,,,,,,,,,,,
Dividends,Data,EUR,2024-12-19,SHELL.DVR(NL0015002AR9) Expire Dividend Right (Ordinary Dividend),13.7,,,,,,,,,,,
Dividends,Data,EUR,2025-03-24,SHELL.DRS(NL0015002E16) Expire Dividend Right (Ordinary Dividend),13.92,,,,,,,,,,,
Dividends,Data,EUR,2025-03-24,SHELL.DRS(NL0015002E16) Expire Dividend Right - REVERSAL (Ordinary Dividend),-13.92,,,,,,,,,,,
Dividends,Data,EUR,2025-03-24,SHELL.DRS(NL0015002E16) Expire Dividend Right (Ordinary Dividend),13.92,,,,,,,,,,,
Dividends,Data,Total,,,27.62,,,,,,,,,,,
Dividends,Data,Total in USD,,,29.219774,,,,,,,,,,,
Dividends,Data,USD,2024-09-27,DXJ(US97717W8516) Cash Dividend USD 0.135 per Share (Ordinary Dividend),0.81,,,,,,,,,,,
Dividends,Data,USD,2024-09-30,AVGO(US11135F1012) Cash Dividend USD 0.53 per Share (Ordinary Dividend),4.77,,,,,,,,,,,
Dividends,Data,USD,2024-10-01,LRCX(US5128071082) Cash Dividend USD 2.30 per Share (Ordinary Dividend),2.3,,,,,,,,,,,
Dividends,Data,USD,2024-10-09,TSM(US8740391003) Cash Dividend USD 0.624826 per Share (Ordinary Div - NRA Withholding Exempt),3.75,,,,,,,,,,,
Dividends,Data,USD,2024-10-25,GE(US3696043013) Cash Dividend USD 0.28 per Share (Ordinary Dividend),0.84,,,,,,,,,,,
Dividends,Data,USD,2024-11-04,BX(US09260D1072) Cash Dividend USD 0.86 per Share (Ordinary Dividend),10.32,,,,,,,,,,,
Dividends,Data,USD,2024-11-06,TIP(US4642871762) Cash Dividend USD 0.089026 per Share (Ordinary Dividend),5.34,,,,,,,,,,,
Dividends,Data,USD,2024-11-07,ASML(USN070592100) Cash Dividend USD 1.641356 per Share (Ordinary Dividend),9.85,,,,,,,,,,,
Dividends,Data,USD,2024-11-20,CAT(US1491231015) Cash Dividend USD 1.41 per Share (Ordinary Dividend),4.23,,,,,,,,,,,
Dividends,Data,USD,2024-12-05,TIP(US4642871762) Cash Dividend USD 0.189903 per Share (Ordinary Dividend),11.39,,,,,,,,,,,
Dividends,Data,USD,2024-12-10,LLY(US5324571083) Cash Dividend USD 1.30 per Share (Ordinary Dividend),7.8,,,,,,,,,,,
Dividends,Data,USD,2024-12-10,TGT(US87612E1064) Cash Dividend USD 1.12 per Share (Ordinary Dividend),6.72,,,,,,,,,,,
Dividends,Data,USD,2024-12-12,MSFT(US5949181045) Cash Dividend USD 0.83 per Share (Ordinary Dividend),4.98,,,,,,,,,,,
Dividends,Data,USD,2024-12-20,EMXC(US46434G7640) Cash Dividend USD 0.999908 per Share (Ordinary Dividend),9,,,,,,,,,,,
Dividends,Data,USD,2024-12-20,MCHI(US46429B6719) Cash Dividend USD 0.891074 per Share (Ordinary Dividend),24.06,,,,,,,,,,,
Dividends,Data,USD,2024-12-23,TIP(US4642871762) Cash Dividend USD 0.160303 per Share (Ordinary Dividend),9.62,,,,,,,,,,,
Dividends,Data,USD,2024-12-30,DXJ(US97717W8516) Cash Dividend USD 2.88329 per Share (Ordinary Dividend),17.3,,,,,,,,,,,
Dividends,Data,USD,2024-12-31,AVGO(US11135F1012) Cash Dividend USD 0.59 per Share (Ordinary Dividend),5.31,,,,,,,,,,,
Dividends,Data,USD,2025-01-07,AIQ(US37954Y6326) Cash Dividend USD 0.010912 per Share (Ordinary Dividend),0.39,,,,,,,,,,,
Dividends,Data,USD,2025-01-08,LRCX(US5128073062) Cash Dividend USD 0.23 per Share (Ordinary Dividend),2.3,,,,,,,,,,,
Dividends,Data,USD,2025-01-09,TSM(US8740391003) Cash Dividend USD 0.608106 per Share (Ordinary Div - NRA Withholding Exempt),3.65,,,,,,,,,,,
Dividends,Data,USD,2025-01-27,GE(US3696043013) Cash Dividend USD 0.28 per Share (Ordinary Dividend),0.84,,,,,,,,,,,
Dividends,Data,USD,2025-02-06,BTI(US1104481072) Cash Dividend USD 0.730435 per Share (Ordinary Dividend),24.1,,,,,,,,,,,
Dividends,Data,USD,2025-02-18,BX(US09260D1072) Cash Dividend USD 1.44 per Share (Ordinary Dividend),17.28,,,,,,,,,,,
Dividends,Data,USD,2025-02-19,ASML(USN070592100) Cash Dividend USD 1.570464 per Share (Ordinary Dividend),9.42,,,,,,,,,,,
Dividends,Data,USD,2025-02-20,CAT(US1491231015) Cash Dividend USD 1.41 per Share (Ordinary Dividend),4.23,,,,,,,,,,,
Dividends,Data,USD,2025-03-03,TGT(US87612E1064) Cash Dividend USD 1.12 per Share (Ordinary Dividend),6.72,,,,,,,,,,,
Dividends,Data,USD,2025-03-10,LLY(US5324571083) Cash Dividend USD 1.50 per Share (Ordinary Dividend),9,,,,,,,,,,,
Dividends,Data,USD,2025-03-13,MSFT(US5949181045) Cash Dividend USD 0.83 per Share (Ordinary Dividend),4.98,,,,,,,,,,,
Dividends,Data,USD,2025-03-31,AVGO(US11135F1012) Cash Dividend USD 0.59 per Share (Ordinary Dividend),5.31,,,,,,,,,,,
Dividends,Data,Total,,,226.61,,,,,,,,,,,
Dividends,Data,Total Dividends in USD,,,255.829774,,,,,,,,,,,
Withholding Tax,Header,Currency,Date,Description,Amount,Code,,,,,,,,,,
Withholding Tax,Data,USD,2024-09-27,DXJ(US97717W8516) Cash Dividend USD 0.135 per Share - US Tax,-0.2,,,,,,,,,,,
Withholding Tax,Data,USD,2024-09-30,AVGO(US11135F1012) Cash Dividend USD 0.53 per Share - US Tax,-1.19,,,,,,,,,,,
Withholding Tax,Data,USD,2024-10-01,LRCX(US5128071082) Cash Dividend USD 2.30 per Share - US Tax,-0.58,,,,,,,,,,,
Withholding Tax,Data,USD,2024-10-09,TSM(US8740391003) Cash Dividend USD 0.624826 per Share - TW Tax,-0.79,,,,,,,,,,,
Withholding Tax,Data,USD,2024-10-25,GE(US3696043013) Cash Dividend USD 0.28 per Share - US Tax,-0.21,,,,,,,,,,,
Withholding Tax,Data,USD,2024-11-04,BX(US09260D1072) Cash Dividend USD 0.86 per Share - US Tax,-2.58,,,,,,,,,,,
Withholding Tax,Data,USD,2024-11-04,BX(US09260D1072) Cash Dividend USD 0.86 per Share - US Tax,2.58,,,,,,,,,,,
Withholding Tax,Data,USD,2024-11-04,BX(US09260D1072) Cash Dividend USD 0.86 per Share - US Tax,-1.19,,,,,,,,,,,
Withholding Tax,Data,USD,2024-11-06,TIP(US4642871762) Cash Dividend USD 0.089026 per Share - US Tax,-1.34,,,,,,,,,,,
Withholding Tax,Data,USD,2024-11-06,TIP(US4642871762) Cash Dividend USD 0.089026 per Share - US Tax,1.34,,,,,,,,,,,
Withholding Tax,Data,USD,2024-11-07,ASML(USN070592100) Cash Dividend USD 1.641356 per Share - NL Tax,-1.48,,,,,,,,,,,
Withholding Tax,Data,USD,2024-11-20,CAT(US1491231015) Cash Dividend USD 1.41 per Share - US Tax,-1.06,,,,,,,,,,,
Withholding Tax,Data,USD,2024-12-05,TIP(US4642871762) Cash Dividend USD 0.189903 per Share - US Tax,-2.85,,,,,,,,,,,
Withholding Tax,Data,USD,2024-12-05,TIP(US4642871762) Cash Dividend USD 0.189903 per Share - US Tax,2.85,,,,,,,,,,,
Withholding Tax,Data,USD,2024-12-10,LLY(US5324571083) Cash Dividend USD 1.30 per Share - US Tax,-1.95,,,,,,,,,,,
Withholding Tax,Data,USD,2024-12-10,TGT(US87612E1064) Cash Dividend USD 1.12 per Share - US Tax,-1.68,,,,,,,,,,,
Withholding Tax,Data,USD,2024-12-12,MSFT(US5949181045) Cash Dividend USD 0.83 per Share - US Tax,-1.25,,,,,,,,,,,
Withholding Tax,Data,USD,2024-12-20,EMXC(US46434G7640) Cash Dividend USD 0.999908 per Share - US Tax,-2.25,,,,,,,,,,,
Withholding Tax,Data,USD,2024-12-20,MCHI(US46429B6719) Cash Dividend USD 0.891074 per Share - US Tax,-6.02,,,,,,,,,,,
Withholding Tax,Data,USD,2024-12-20,MCHI(US46429B6719) Cash Dividend USD 0.891074 per Share - US Tax,6.02,,,,,,,,,,,
Withholding Tax,Data,USD,2024-12-20,MCHI(US46429B6719) Cash Dividend USD 0.891074 per Share - US Tax,-6.01,,,,,,,,,,,
Withholding Tax,Data,USD,2024-12-23,TIP(US4642871762) Cash Dividend USD 0.160303 per Share - US Tax,-2.41,,,,,,,,,,,
Withholding Tax,Data,USD,2024-12-23,TIP(US4642871762) Cash Dividend USD 0.160303 per Share - US Tax,2.41,,,,,,,,,,,
Withholding Tax,Data,USD,2024-12-30,DXJ(US97717W8516) Cash Dividend USD 2.88329 per Share - US Tax,-4.33,,,,,,,,,,,
Withholding Tax,Data,USD,2024-12-30,DXJ(US97717W8516) Cash Dividend USD 2.88329 per Share - US Tax,4.33,,,,,,,,,,,
Withholding Tax,Data,USD,2024-12-30,DXJ(US97717W8516) Cash Dividend USD 2.88329 per Share - US Tax,-4.32,,,,,,,,,,,
Withholding Tax,Data,USD,2024-12-31,AVGO(US11135F1012) Cash Dividend USD 0.59 per Share - US Tax,-1.33,,,,,,,,,,,
Withholding Tax,Data,USD,2025-01-07,AIQ(US37954Y6326) Cash Dividend USD 0.010912 per Share - US Tax,-0.1,,,,,,,,,,,
Withholding Tax,Data,USD,2025-01-08,LRCX(US5128073062) Cash Dividend USD 0.23 per Share - US Tax,-0.58,,,,,,,,,,,
Withholding Tax,Data,USD,2025-01-09,TSM(US8740391003) Cash Dividend USD 0.608106 per Share - TW Tax,-0.77,,,,,,,,,,,
Withholding Tax,Data,USD,2025-01-27,GE(US3696043013) Cash Dividend USD 0.28 per Share - US Tax,-0.21,,,,,,,,,,,
Withholding Tax,Data,USD,2025-02-18,BX(US09260D1072) Cash Dividend USD 1.44 per Share - US Tax,-4.32,,,,,,,,,,,
Withholding Tax,Data,USD,2025-02-19,ASML(USN070592100) Cash Dividend USD 1.570464 per Share - NL Tax,-1.41,,,,,,,,,,,
Withholding Tax,Data,USD,2025-02-20,CAT(US1491231015) Cash Dividend USD 1.41 per Share - US Tax,-1.06,,,,,,,,,,,
Withholding Tax,Data,USD,2025-03-03,TGT(US87612E1064) Cash Dividend USD 1.12 per Share - US Tax,-1.68,,,,,,,,,,,
Withholding Tax,Data,USD,2025-03-10,LLY(US5324571083) Cash Dividend USD 1.50 per Share - US Tax,-2.25,,,,,,,,,,,
Withholding Tax,Data,USD,2025-03-13,MSFT(US5949181045) Cash Dividend USD 0.83 per Share - US Tax,-1.25,,,,,,,,,,,
Withholding Tax,Data,USD,2025-03-31,AVGO(US11135F1012) Cash Dividend USD 0.59 per Share - US Tax,-1.33,,,,,,,,,,,
Withholding Tax,Data,Total,,,-40.45,,,,,,,,,,,
Interest,Header,Currency,Date,Description,Amount,,,,,,,,,,,
Interest,Data,USD,2024-10-03,USD Credit Interest for Sep-2024,4.81,,,,,,,,,,,
Interest,Data,USD,2024-11-05,USD Credit Interest for Oct-2024,60.05,,,,,,,,,,,
Interest,Data,USD,2024-12-04,USD Credit Interest for Nov-2024,25.05,,,,,,,,,,,
Interest,Data,USD,2025-01-06,USD Credit Interest for Dec-2024,11.72,,,,,,,,,,,
Interest,Data,USD,2025-02-05,USD Credit Interest for Jan-2025,4.75,,,,,,,,,,,
Interest,Data,USD,2025-02-05,USD IBKR Managed Securities (SYEP) Interest for Jan-2025,0.17,,,,,,,,,,,
Interest,Data,USD,2025-03-05,USD IBKR Managed Securities (SYEP) Interest for Feb-2025,0.38,,,,,,,,,,,
Interest,Data,Total,,,106.93,,,,,,,,,,,
Interest Accruals,Header,Currency,Field Name,Field Value,,,,,,,,,,,,
Interest Accruals,Data,Base Currency Summary,Starting Accrual Balance,0,,,,,,,,,,,,
Interest Accruals,Data,Base Currency Summary,Interest Accrued,122.63,,,,,,,,,,,,
Interest Accruals,Data,Base Currency Summary,Accrual Reversal,-106.93,,,,,,,,,,,,
Interest Accruals,Data,Base Currency Summary,FX Translation,0,,,,,,,,,,,,
Interest Accruals,Data,Base Currency Summary,Ending Accrual Balance,15.7,,,,,,,,,,,,
Commission Adjustments,Header,Currency,Date,Description,Amount,Code,,,,,,,,,,
Commission Adjustments,Data,USD,2024-10-09,"Refund (DXJ, 6, 2024-09-09)",1.000312,,,,,,,,,,,
Commission Adjustments,Data,Total,,,1.000312,,,,,,,,,,,
Change in Dividend Accruals,Header,Asset Category,Currency,Symbol,Date,Ex Date,Pay Date,Quantity,Tax,Fee,Gross Rate,Gross Amount,Net Amount,Code,,
Change in Dividend Accruals,Data,Starting Dividend Accruals in USD,,,,,,,,,,,0,,,
Change in Dividend Accruals,Data,Stocks,DKK,NOVd,2025-03-27,2025-03-28,2025-04-01,30,63.98,0,7.9,236.99,173.01,Po,,
Change in Dividend Accruals,Data,Total,,,,,,,63.98,0,,236.99,173.01,,,
Change in Dividend Accruals,Data,Total in USD,,,,,,,9.2854174,0,,34.3943587,25.1089413,,,
Change in Dividend Accruals,Data,Stocks,JPY,4568.T,2025-03-27,2025-03-28,-,100,441,0,30,3000,2559,Po,,
Change in Dividend Accruals,Data,Stocks,JPY,4568.T,2025-03-27,2025-03-28,2025-06-24,100,459,0,30,3000,2541,Po,,
Change in Dividend Accruals,Data,Stocks,JPY,4568.T,2025-03-27,2025-03-28,-,100,-441,0,30,-3000,-2559,Re,,
Change in Dividend Accruals,Data,Total,,,,,,,459,0,,3000,2541,,,
Change in Dividend Accruals,Data,Total in USD,,,,,,,3.0631698,0,,20.0214,16.9582302,,,
Change in Dividend Accruals,Data,Stocks,USD,AIQ,2024-12-27,2024-12-30,2025-01-07,36,0.1,0,0.010912,0.39,0.29,Po,,
Change in Dividend Accruals,Data,Stocks,USD,AIQ,2025-01-07,2024-12-30,2025-01-07,36,-0.1,0,0.010912,-0.39,-0.29,Re,,
Change in Dividend Accruals,Data,Stocks,USD,ASML,2024-10-28,2024-10-29,2024-11-07,6,1.48,0,1.6413568,9.85,8.37,Po,,
Change in Dividend Accruals,Data,Stocks,USD,ASML,2024-11-07,2024-10-29,2024-11-07,6,-1.48,0,1.641356,-9.85,-8.37,Re,,
Change in Dividend Accruals,Data,Stocks,USD,ASML,2025-02-10,2025-02-11,2025-02-19,6,1.43,0,1.585512,9.52,8.09,Po,,
Change in Dividend Accruals,Data,Stocks,USD,ASML,2025-02-10,2025-02-11,2025-02-19,6,1.41,0,1.570464,9.42,8.01,Po,,
Change in Dividend Accruals,Data,Stocks,USD,ASML,2025-02-10,2025-02-11,2025-02-19,6,-1.43,0,1.570464,-9.52,-8.09,Re,,
Change in Dividend Accruals,Data,Stocks,USD,ASML,2025-02-19,2025-02-11,2025-02-19,6,-1.41,0,1.570464,-9.42,-8.01,Re,,
Change in Dividend Accruals,Data,Stocks,USD,AVGO,2024-09-18,2024-09-19,2024-09-30,9,1.19,0,0.53,4.77,3.58,Po,,
Change in Dividend Accruals,Data,Stocks,USD,AVGO,2024-09-30,2024-09-19,2024-09-30,9,-1.19,0,0.53,-4.77,-3.58,Re,,
Change in Dividend Accruals,Data,Stocks,USD,AVGO,2024-12-20,2024-12-23,2024-12-31,9,1.33,0,0.59,5.31,3.98,Po,,
Change in Dividend Accruals,Data,Stocks,USD,AVGO,2024-12-31,2024-12-23,2024-12-31,9,-1.33,0,0.59,-5.31,-3.98,Re,,
Change in Dividend Accruals,Data,Stocks,USD,AVGO,2025-03-19,2025-03-20,2025-03-31,9,1.33,0,0.59,5.31,3.98,Po,,
Change in Dividend Accruals,Data,Stocks,USD,AVGO,2025-03-31,2025-03-20,2025-03-31,9,-1.33,0,0.59,-5.31,-3.98,Re,,
Change in Dividend Accruals,Data,Stocks,USD,BTI,2024-12-19,2024-12-20,2025-02-06,33,0,0.33,0.743059,24.52,24.19,Po,,
Change in Dividend Accruals,Data,Stocks,USD,BTI,2025-02-06,2024-12-20,2025-02-06,33,0,-0.33,0.730435,-24.52,-24.19,Re,,
Change in Dividend Accruals,Data,Stocks,USD,BTI,2025-03-27,2025-03-28,2025-05-12,33,0,0.25,0.749068,24.64,24.39,Po,,
Change in Dividend Accruals,Data,Stocks,USD,BX,2024-10-25,2024-10-28,2024-11-04,12,2.59,0,0.86,10.32,7.73,Po,,
Change in Dividend Accruals,Data,Stocks,USD,BX,2024-11-04,2024-10-28,2024-11-04,12,-2.58,0,0.86,-10.32,-7.74,Re,,
Change in Dividend Accruals,Data,Stocks,USD,BX,2025-02-07,2025-02-10,2025-02-18,12,4.32,0,1.44,17.28,12.96,Po,,
Change in Dividend Accruals,Data,Stocks,USD,BX,2025-02-18,2025-02-10,2025-02-18,12,-4.32,0,1.44,-17.28,-12.96,Re,,
Change in Dividend Accruals,Data,Stocks,USD,CAT,2024-10-18,2024-10-21,2024-11-20,3,1.06,0,1.41,4.23,3.17,Po,,
Change in Dividend Accruals,Data,Stocks,USD,CAT,2024-11-20,2024-10-21,2024-11-20,3,-1.06,0,1.41,-4.23,-3.17,Re,,
Change in Dividend Accruals,Data,Stocks,USD,CAT,2025-01-20,2025-01-21,2025-02-20,3,1.06,0,1.41,4.23,3.17,Po,,
Change in Dividend Accruals,Data,Stocks,USD,CAT,2025-02-20,2025-01-21,2025-02-20,3,-1.06,0,1.41,-4.23,-3.17,Re,,
Change in Dividend Accruals,Data,Stocks,USD,DXJ,2024-09-24,2024-09-25,2024-09-27,6,0.2,0,0.135,0.81,0.61,Po,,
Change in Dividend Accruals,Data,Stocks,USD,DXJ,2024-09-27,2024-09-25,2024-09-27,6,-0.2,0,0.135,-0.81,-0.61,Re,,
Change in Dividend Accruals,Data,Stocks,USD,DXJ,2024-12-25,2024-12-26,2024-12-30,6,4.33,0,2.88329,17.3,12.97,Po,,
Change in Dividend Accruals,Data,Stocks,USD,DXJ,2024-12-30,2024-12-26,2024-12-30,6,-4.33,0,2.88329,-17.3,-12.97,Re,,
Change in Dividend Accruals,Data,Stocks,USD,EMXC,2024-12-16,2024-12-17,2024-12-20,9,2.25,0,0.999908,9,6.75,Po,,
Change in Dividend Accruals,Data,Stocks,USD,EMXC,2024-12-20,2024-12-17,2024-12-20,9,-2.25,0,0.999908,-9,-6.75,Re,,
Change in Dividend Accruals,Data,Stocks,USD,GE,2024-09-25,2024-09-26,2024-10-25,3,0.21,0,0.28,0.84,0.63,Po,,
Change in Dividend Accruals,Data,Stocks,USD,GE,2024-10-25,2024-09-26,2024-10-25,3,-0.21,0,0.28,-0.84,-0.63,Re,,
Change in Dividend Accruals,Data,Stocks,USD,GE,2024-12-26,2024-12-27,2025-01-27,3,0.21,0,0.28,0.84,0.63,Po,,
Change in Dividend Accruals,Data,Stocks,USD,GE,2025-01-27,2024-12-27,2025-01-27,3,-0.21,0,0.28,-0.84,-0.63,Re,,
Change in Dividend Accruals,Data,Stocks,USD,GE,2025-03-07,2025-03-10,2025-04-25,3,0.27,0,0.36,1.08,0.81,Po,,
Change in Dividend Accruals,Data,Stocks,USD,LLY,2024-11-14,2024-11-15,2024-12-10,6,1.95,0,1.3,7.8,5.85,Po,,
Change in Dividend Accruals,Data,Stocks,USD,LLY,2024-12-10,2024-11-15,2024-12-10,6,-1.95,0,1.3,-7.8,-5.85,Re,,
Change in Dividend Accruals,Data,Stocks,USD,LLY,2025-02-13,2025-02-14,2025-03-10,6,2.26,0,1.5,9,6.74,Po,,
Change in Dividend Accruals,Data,Stocks,USD,LLY,2025-03-10,2025-02-14,2025-03-10,6,-2.25,0,1.5,-9,-6.75,Re,,
Change in Dividend Accruals,Data,Stocks,USD,LRCX,2024-09-16,2024-09-17,2024-10-01,1,0.58,0,2.3,2.3,1.72,Po,,
Change in Dividend Accruals,Data,Stocks,USD,LRCX,2024-10-01,2024-09-17,2024-10-01,1,-0.58,0,2.3,-2.3,-1.72,Re,,
Change in Dividend Accruals,Data,Stocks,USD,LRCX,2024-12-10,2024-12-11,2025-01-08,10,0.58,0,0.23,2.3,1.72,Po,,
Change in Dividend Accruals,Data,Stocks,USD,LRCX,2025-01-08,2024-12-11,2025-01-08,10,-0.58,0,0.23,-2.3,-1.72,Re,,
Change in Dividend Accruals,Data,Stocks,USD,LRCX,2025-03-04,2025-03-05,2025-04-09,10,0.58,0,0.23,2.3,1.72,Po,,
Change in Dividend Accruals,Data,Stocks,USD,MCHI,2024-12-16,2024-12-17,2024-12-20,27,6.02,0,0.891074,24.06,18.04,Po,,
Change in Dividend Accruals,Data,Stocks,USD,MCHI,2024-12-20,2024-12-17,2024-12-20,27,-6.02,0,0.891074,-24.06,-18.04,Re,,
Change in Dividend Accruals,Data,Stocks,USD,MSFT,2024-11-20,2024-11-21,2024-12-12,6,1.25,0,0.83,4.98,3.73,Po,,
Change in Dividend Accruals,Data,Stocks,USD,MSFT,2024-11-20,2024-11-21,2024-12-12,6,0,0,0.83,4.98,4.98,Po,,
Change in Dividend Accruals,Data,Stocks,USD,MSFT,2024-11-20,2024-11-21,2024-12-12,6,1.25,0,0.83,4.98,3.73,Po,,
Change in Dividend Accruals,Data,Stocks,USD,MSFT,2024-11-20,2024-11-21,2024-12-12,6,-1.25,0,0.83,-4.98,-3.73,Re,,
Change in Dividend Accruals,Data,Stocks,USD,MSFT,2024-11-20,2024-11-21,2024-12-12,6,0,0,0.83,-4.98,-4.98,Re,,
Change in Dividend Accruals,Data,Stocks,USD,MSFT,2024-12-12,2024-11-21,2024-12-12,6,-1.25,0,0.83,-4.98,-3.73,Re,,
Change in Dividend Accruals,Data,Stocks,USD,MSFT,2025-02-19,2025-02-20,2025-03-13,6,1.25,0,0.83,4.98,3.73,Po,,
Change in Dividend Accruals,Data,Stocks,USD,MSFT,2025-03-13,2025-02-20,2025-03-13,6,-1.25,0,0.83,-4.98,-3.73,Re,,
Change in Dividend Accruals,Data,Stocks,USD,NVDA,2025-03-11,2025-03-12,2025-04-02,4.2,0.01,0,0.01,0.04,0.03,Po,,
Change in Dividend Accruals,Data,Stocks,USD,RIO,2025-03-06,2025-03-07,2025-04-17,9,0,0.18,2.23,20.07,19.89,Po,,
Change in Dividend Accruals,Data,Stocks,USD,TGT,2024-11-19,2024-11-20,2024-12-10,6,1.68,0,1.12,6.72,5.04,Po,,
Change in Dividend Accruals,Data,Stocks,USD,TGT,2024-12-10,2024-11-20,2024-12-10,6,-1.68,0,1.12,-6.72,-5.04,Re,,
Change in Dividend Accruals,Data,Stocks,USD,TGT,2025-02-11,2025-02-12,2025-03-03,6,1.68,0,1.12,6.72,5.04,Po,,
Change in Dividend Accruals,Data,Stocks,USD,TGT,2025-03-03,2025-02-12,2025-03-03,6,-1.68,0,1.12,-6.72,-5.04,Re,,
Change in Dividend Accruals,Data,Stocks,USD,TIP,2024-10-31,2024-11-01,2024-11-06,60,1.34,0,0.089026,5.34,4,Po,,
Change in Dividend Accruals,Data,Stocks,USD,TIP,2024-11-06,2024-11-01,2024-11-06,60,-1.34,0,0.089026,-5.34,-4,Re,,
Change in Dividend Accruals,Data,Stocks,USD,TIP,2024-11-29,2024-12-02,2024-12-05,60,2.85,0,0.189903,11.39,8.54,Po,,
Change in Dividend Accruals,Data,Stocks,USD,TIP,2024-12-05,2024-12-02,2024-12-05,60,-2.85,0,0.189903,-11.39,-8.54,Re,,
Change in Dividend Accruals,Data,Stocks,USD,TIP,2024-12-17,2024-12-18,2024-12-23,60,2.41,0,0.160303,9.62,7.21,Po,,
Change in Dividend Accruals,Data,Stocks,USD,TIP,2024-12-23,2024-12-18,2024-12-23,60,-2.41,0,0.160303,-9.62,-7.21,Re,,
Change in Dividend Accruals,Data,Stocks,USD,TSM,2024-09-11,2024-09-12,2024-10-09,6,0.79,0,0.625999,3.76,2.97,Po,,
Change in Dividend Accruals,Data,Stocks,USD,TSM,2024-09-11,2024-09-12,2024-10-09,6,0.79,0,0.624826,3.75,2.96,Po,,
Change in Dividend Accruals,Data,Stocks,USD,TSM,2024-09-11,2024-09-12,2024-10-09,6,-0.79,0,0.624826,-3.76,-2.97,Re,,
Change in Dividend Accruals,Data,Stocks,USD,TSM,2024-10-09,2024-09-12,2024-10-09,6,-0.79,0,0.624826,-3.75,-2.96,Re,,
Change in Dividend Accruals,Data,Stocks,USD,TSM,2024-12-11,2024-12-12,2025-01-09,6,0.78,0,0.615593,3.7,2.92,Po,,
Change in Dividend Accruals,Data,Stocks,USD,TSM,2024-12-11,2024-12-12,2025-01-09,6,0.77,0,0.608106,3.65,2.88,Po,,
Change in Dividend Accruals,Data,Stocks,USD,TSM,2024-12-11,2024-12-12,2025-01-09,6,-0.78,0,0.608106,-3.7,-2.92,Re,,
Change in Dividend Accruals,Data,Stocks,USD,TSM,2025-01-09,2024-12-12,2025-01-09,6,-0.77,0,0.608106,-3.65,-2.88,Re,,
Change in Dividend Accruals,Data,Stocks,USD,TSM,2025-03-17,2025-03-18,2025-04-10,6,0.86,0,0.683789,4.1,3.24,Po,,
Change in Dividend Accruals,Data,Total,,,,,,,1.74,0.43,,52.23,50.06,,,
Change in Dividend Accruals,Data,Total Stocks in USD,,,,,,,14.0885872,0.43,,106.6457587,92.1271715,,,
Change in Dividend Accruals,Data,Ending Dividend Accruals in USD,,,,,,,,,,,92.1029176,,,
Stock Yield Enhancement Program Securities Lent Activity,Header,Asset Category,Currency,Symbol,Date,Description,,Transaction ID,Quantity,Collateral Amount,,,,,,
Stock Yield Enhancement Program Securities Lent Activity,Data,Stocks,USD,AIQ,2025-01-22,New Loan Allocation,,SLB.101697037,-17,697,,,,,,
Stock Yield Enhancement Program Securities Lent Activity,Data,Stocks,USD,AIQ,2025-01-23,Loan Return Allocation,,SLB.101697037,17,-697,,,,,,
Stock Yield Enhancement Program Securities Lent Activity,Data,Stocks,USD,AIQ,2025-01-23,New Loan Allocation,,SLB.101745952,-36,1512,,,,,,
Stock Yield Enhancement Program Securities Lent Activity,Data,Stocks,USD,AIQ,2025-01-24,Loan Return Allocation,,SLB.101745952,36,-1512,,,,,,
Stock Yield Enhancement Program Securities Lent Activity,Data,Stocks,USD,AIQ,2025-01-27,New Loan Allocation,,SLB.101845923,-34,1428,,,,,,
Stock Yield Enhancement Program Securities Lent Activity,Data,Stocks,USD,AIQ,2025-01-28,Loan Return Allocation,,SLB.101845923,34,-1428,,,,,,
Stock Yield Enhancement Program Securities Lent Activity,Data,Stocks,USD,AIQ,2025-01-30,New Loan Allocation,,SLB.101980212,-30,1230,,,,,,
Stock Yield Enhancement Program Securities Lent Activity,Data,Stocks,USD,AIQ,2025-01-31,Loan Return Allocation,,SLB.101980212,30,-1230,,,,,,
Stock Yield Enhancement Program Securities Lent Activity,Data,Stocks,USD,AIQ,2025-01-31,New Loan Allocation,,SLB.101980212,-18,756,,,,,,
Stock Yield Enhancement Program Securities Lent Activity,Data,Stocks,USD,AIQ,2025-02-03,Loan Return Allocation,,SLB.101980212,18,-756,,,,,,
Stock Yield Enhancement Program Securities Lent Activity,Data,Stocks,USD,AIQ,2025-02-06,New Loan Allocation,,SLB.102217901,-30,1260,,,,,,
Stock Yield Enhancement Program Securities Lent Activity,Data,Stocks,USD,AIQ,2025-02-07,Loan Return Allocation,,SLB.102217901,30,-1260,,,,,,
Stock Yield Enhancement Program Securities Lent Activity,Data,Stocks,USD,AIQ,2025-02-07,New Loan Allocation,,SLB.102265110,-36,1512,,,,,,
Stock Yield Enhancement Program Securities Lent Activity,Data,Stocks,USD,AIQ,2025-02-10,Loan Return Allocation,,SLB.102265110,36,-1512,,,,,,
Stock Yield Enhancement Program Securities Lent Activity,Data,Stocks,USD,AIQ,2025-02-10,New Loan Allocation,,SLB.102265110,-29,1218,,,,,,
Stock Yield Enhancement Program Securities Lent Activity,Data,Stocks,USD,AIQ,2025-02-11,Loan Return Allocation,,SLB.102265110,29,-1218,,,,,,
Stock Yield Enhancement Program Securities Lent Activity,Data,Stocks,USD,AIQ,2025-02-13,New Loan Allocation,,SLB.102454867,-35,1505,,,,,,
Stock Yield Enhancement Program Securities Lent Activity,Data,Stocks,USD,AIQ,2025-02-14,Loan Return Allocation,,SLB.102454867,35,-1505,,,,,,
Stock Yield Enhancement Program Securities Lent Activity,Data,Stocks,USD,AIQ,2025-02-18,New Loan Allocation,,SLB.102571168,-25,1100,,,,,,
Stock Yield Enhancement Program Securities Lent Activity,Data,Stocks,USD,AIQ,2025-02-19,Loan Return Allocation,,SLB.102571168,25,-1100,,,,,,
Stock Yield Enhancement Program Securities Lent Activity,Data,Stocks,USD,AIQ,2025-02-19,New Loan Allocation,,SLB.102620131,-30,1320,,,,,,
Stock Yield Enhancement Program Securities Lent Activity,Data,Stocks,USD,AIQ,2025-02-20,Loan Return Allocation,,SLB.102620131,30,-1320,,,,,,
Stock Yield Enhancement Program Securities Lent Activity,Data,Stocks,USD,AIQ,2025-03-26,New Loan Allocation,,SLB.103912717,-36,1440,,,,,,
Stock Yield Enhancement Program Securities Lent Activity,Data,Stocks,USD,AIQ,2025-03-27,Loan Return Allocation,,SLB.103912717,36,-1440,,,,,,
Stock Yield Enhancement Program Securities Lent Activity,Data,Stocks,USD,AIQ,2025-03-27,New Loan Allocation,,SLB.103965262,-36,1404,,,,,,
Stock Yield Enhancement Program Securities Lent Activity,Data,Stocks,USD,AIQ,2025-03-28,Loan Return Allocation,,SLB.103965262,36,-1404,,,,,,
Stock Yield Enhancement Program Securities Lent Activity,Data,Stocks,USD,BLBD,2025-01-23,New Loan Allocation,,SLB.101746702,-60,2520,,,,,,
Stock Yield Enhancement Program Securities Lent Activity,Data,Stocks,USD,BLBD,2025-01-24,Loan Return Allocation,,SLB.101746702,60,-2520,,,,,,
Stock Yield Enhancement Program Securities Lent Activity,Data,Stocks,USD,DXJ,2025-03-21,New Loan Allocation,,SLB.103757324,-6,696,,,,,,
Stock Yield Enhancement Program Securities Lent Activity,Data,Stocks,USD,DXJ,2025-03-24,Loan Return Allocation,,SLB.103757324,6,-696,,,,,,
Stock Yield Enhancement Program Securities Lent Activity,Data,Stocks,USD,DXJ,2025-03-24,New Loan Allocation,,SLB.103811269,-6,702,,,,,,
Stock Yield Enhancement Program Securities Lent Activity,Data,Stocks,USD,DXJ,2025-03-25,Loan Return Allocation,,SLB.103811269,6,-702,,,,,,
Stock Yield Enhancement Program Securities Lent Activity,Data,Stocks,USD,EMXC,2025-02-05,New Loan Allocation,,SLB.102172975,-9,522,,,,,,
Stock Yield Enhancement Program Securities Lent Activity,Data,Stocks,USD,EMXC,2025-02-06,Loan Return Allocation,,SLB.102172975,9,-522,,,,,,
Stock Yield Enhancement Program Securities Lent Activity,Data,Stocks,USD,EMXC,2025-02-10,New Loan Allocation,,SLB.102313579,-2,116,,,,,,
Stock Yield Enhancement Program Securities Lent Activity,Data,Stocks,USD,EMXC,2025-02-11,Loan Return Allocation,,SLB.102313579,2,-116,,,,,,
Stock Yield Enhancement Program Securities Lent Activity,Data,Stocks,USD,EMXC,2025-02-13,New Loan Allocation,,SLB.102456344,-9,522,,,,,,
Stock Yield Enhancement Program Securities Lent Activity,Data,Stocks,USD,EMXC,2025-02-14,Loan Return Allocation,,SLB.102456344,9,-522,,,,,,
Stock Yield Enhancement Program Securities Lent Activity,Data,Stocks,USD,EMXC,2025-02-24,New Loan Allocation,,SLB.102777087,-9,531,,,,,,
Stock Yield Enhancement Program Securities Lent Activity,Data,Stocks,USD,EMXC,2025-02-25,Loan Return Allocation,,SLB.102777087,9,-531,,,,,,
Stock Yield Enhancement Program Securities Lent Activity,Data,Stocks,USD,IGPT,2025-01-24,New Loan Allocation,,SLB.101795649,-33,1650,,,,,,
Stock Yield Enhancement Program Securities Lent Activity,Data,Stocks,USD,IGPT,2025-01-27,Loan Return Allocation,,SLB.101795649,33,-1650,,,,,,
Stock Yield Enhancement Program Securities Lent Activity,Data,Stocks,USD,IGPT,2025-01-28,New Loan Allocation,,SLB.101890108,-33,1584,,,,,,
Stock Yield Enhancement Program Securities Lent Activity,Data,Stocks,USD,IGPT,2025-01-29,Loan Return Allocation,,SLB.101890108,33,-1584,,,,,,
Stock Yield Enhancement Program Securities Lent Activity,Data,Stocks,USD,IGPT,2025-01-29,New Loan Allocation,,SLB.101934946,-33,1617,,,,,,
Stock Yield Enhancement Program Securities Lent Activity,Data,Stocks,USD,IGPT,2025-01-30,Loan Return Allocation,,SLB.101934946,33,-1617,,,,,,
Stock Yield Enhancement Program Securities Lent Activity,Data,Stocks,USD,IGPT,2025-01-30,New Loan Allocation,,SLB.101980562,-33,1584,,,,,,
Stock Yield Enhancement Program Securities Lent Activity,Data,Stocks,USD,IGPT,2025-01-31,Loan Return Allocation,,SLB.101980562,33,-1584,,,,,,
Stock Yield Enhancement Program Securities Lent Activity,Data,Stocks,USD,MCHI,2025-02-13,New Loan Allocation,,SLB.102455708,-27,1431,,,,,,
Stock Yield Enhancement Program Securities Lent Activity,Data,Stocks,USD,MCHI,2025-02-14,Loan Return Allocation,,SLB.102455708,27,-1431,,,,,,
Stock Yield Enhancement Program Securities Lent Activity,Data,Stocks,USD,MCHI,2025-02-19,New Loan Allocation,,SLB.102628908,-27,1512,,,,,,
Stock Yield Enhancement Program Securities Lent Activity,Data,Stocks,USD,MCHI,2025-02-20,Loan Return Allocation,,SLB.102628908,27,-1512,,,,,,
Stock Yield Enhancement Program Securities Lent Activity,Data,Stocks,USD,MCHI,2025-02-26,New Loan Allocation,,SLB.102826139,-27,1512,,,,,,
Stock Yield Enhancement Program Securities Lent Activity,Data,Stocks,USD,MCHI,2025-02-27,Loan Return Allocation,,SLB.102826139,27,-1512,,,,,,
Stock Yield Enhancement Program Securities Lent Activity,Data,Stocks,USD,MCHI,2025-02-27,New Loan Allocation,,SLB.102921326,-27,1539,,,,,,
Stock Yield Enhancement Program Securities Lent Activity,Data,Stocks,USD,MCHI,2025-02-28,Loan Return Allocation,,SLB.102921326,27,-1539,,,,,,
Stock Yield Enhancement Program Securities Lent Activity,Data,Stocks,USD,MCHI,2025-02-28,New Loan Allocation,,SLB.102921326,-27,1539,,,,,,
Stock Yield Enhancement Program Securities Lent Activity,Data,Stocks,USD,MCHI,2025-03-03,Loan Return Allocation,,SLB.102921326,27,-1539,,,,,,
Stock Yield Enhancement Program Securities Lent Activity,Data,Stocks,USD,MCHI,2025-03-03,New Loan Allocation,,SLB.103022126,-27,1485,,,,,,
Stock Yield Enhancement Program Securities Lent Activity,Data,Stocks,USD,MCHI,2025-03-04,Loan Return Allocation,,SLB.103022126,27,-1485,,,,,,
Stock Yield Enhancement Program Securities Lent Activity,Data,Stocks,USD,MCHI,2025-03-04,New Loan Allocation,,SLB.103022126,-23,1242,,,,,,
Stock Yield Enhancement Program Securities Lent Activity,Data,Stocks,USD,MCHI,2025-03-05,Loan Return Allocation,,SLB.103022126,23,-1242,,,,,,
Stock Yield Enhancement Program Securities Lent Activity,Data,Stocks,USD,MCHI,2025-03-06,New Loan Allocation,,SLB.103177879,-16,928,,,,,,
Stock Yield Enhancement Program Securities Lent Activity,Data,Stocks,USD,MCHI,2025-03-07,Loan Return Allocation,,SLB.103177879,16,-928,,,,,,
Stock Yield Enhancement Program Securities Lent Activity,Data,Stocks,USD,MCHI,2025-03-07,New Loan Allocation,,SLB.103229556,-27,1566,,,,,,
Stock Yield Enhancement Program Securities Lent Activity,Data,Stocks,USD,MCHI,2025-03-10,Loan Return Allocation,,SLB.103229556,27,-1566,,,,,,
Stock Yield Enhancement Program Securities Lent Activity,Data,Stocks,USD,MCHI,2025-03-10,New Loan Allocation,,SLB.103229556,-21,1218,,,,,,
Stock Yield Enhancement Program Securities Lent Activity,Data,Stocks,USD,MCHI,2025-03-11,Loan Return Allocation,,SLB.103229556,21,-1218,,,,,,
Stock Yield Enhancement Program Securities Lent Activity,Data,Stocks,USD,MCHI,2025-03-11,New Loan Allocation,,SLB.103331358,-27,1512,,,,,,
Stock Yield Enhancement Program Securities Lent Activity,Data,Stocks,USD,MCHI,2025-03-12,Loan Return Allocation,,SLB.103331358,27,-1512,,,,,,
Stock Yield Enhancement Program Securities Lent Activity,Data,Stocks,USD,MCHI,2025-03-12,New Loan Allocation,,SLB.103382822,-27,1539,,,,,,
Stock Yield Enhancement Program Securities Lent Activity,Data,Stocks,USD,MCHI,2025-03-13,Loan Return Allocation,,SLB.103382822,27,-1539,,,,,,
Stock Yield Enhancement Program Securities Lent Activity,Data,Stocks,USD,MCHI,2025-03-13,New Loan Allocation,,SLB.103382822,-7,399,,,,,,
Stock Yield Enhancement Program Securities Lent Activity,Data,Stocks,USD,MCHI,2025-03-14,Loan Return Allocation,,SLB.103382822,7,-399,,,,,,
Stock Yield Enhancement Program Securities Lent Activity,Data,Stocks,USD,MCHI,2025-03-14,New Loan Allocation,,SLB.103490931,-24,1368,,,,,,
Stock Yield Enhancement Program Securities Lent Activity,Data,Stocks,USD,MCHI,2025-03-17,Loan Return Allocation,,SLB.103490931,24,-1368,,,,,,
Stock Yield Enhancement Program Securities Lent Activity,Data,Stocks,USD,MCHI,2025-03-17,New Loan Allocation,,SLB.103543777,-27,1593,,,,,,
Stock Yield Enhancement Program Securities Lent Activity,Data,Stocks,USD,MCHI,2025-03-18,Loan Return Allocation,,SLB.103543777,27,-1593,,,,,,
Stock Yield Enhancement Program Securities Lent Activity,Data,Stocks,USD,MCHI,2025-03-18,New Loan Allocation,,SLB.103543777,-25,1500,,,,,,
Stock Yield Enhancement Program Securities Lent Activity,Data,Stocks,USD,MCHI,2025-03-19,Loan Return Allocation,,SLB.103543777,25,-1500,,,,,,
Stock Yield Enhancement Program Securities Lent Activity,Data,Stocks,USD,MCHI,2025-03-19,New Loan Allocation,,SLB.103650498,-25,1500,,,,,,
Stock Yield Enhancement Program Securities Lent Activity,Data,Stocks,USD,MCHI,2025-03-20,Loan Return Allocation,,SLB.103650498,25,-1500,,,,,,
Stock Yield Enhancement Program Securities Lent Activity,Data,Stocks,USD,MCHI,2025-03-20,New Loan Allocation,,SLB.103702993,-26,1560,,,,,,
Stock Yield Enhancement Program Securities Lent Activity,Data,Stocks,USD,MCHI,2025-03-21,Loan Return Allocation,,SLB.103702993,26,-1560,,,,,,
Stock Yield Enhancement Program Securities Lent Activity,Data,Stocks,USD,MCHI,2025-03-21,New Loan Allocation,,SLB.103757899,-23,1334,,,,,,
Stock Yield Enhancement Program Securities Lent Activity,Data,Stocks,USD,MCHI,2025-03-24,Loan Return Allocation,,SLB.103757899,23,-1334,,,,,,
Stock Yield Enhancement Program Securities Lent Activity,Data,Stocks,USD,MCHI,2025-03-24,New Loan Allocation,,SLB.103811478,-11,627,,,,,,
Stock Yield Enhancement Program Securities Lent Activity,Data,Stocks,USD,MCHI,2025-03-25,Loan Return Allocation,,SLB.103811478,11,-627,,,,,,
Stock Yield Enhancement Program Securities Lent Activity,Data,Stocks,USD,TIP,2025-02-04,New Loan Allocation,,SLB.102102169,-37,4107,,,,,,
Stock Yield Enhancement Program Securities Lent Activity,Data,Stocks,USD,TIP,2025-02-05,Loan Return Allocation,,SLB.102102169,37,-4107,,,,,,
Stock Yield Enhancement Program Securities Lent Activity,Data,Stocks,USD,TIP,2025-03-06,New Loan Allocation,,SLB.103176768,-31,3472,,,,,,
Stock Yield Enhancement Program Securities Lent Activity,Data,Stocks,USD,TIP,2025-03-07,Loan Return Allocation,,SLB.103176768,31,-3472,,,,,,
Stock Yield Enhancement Program Securities Lent Activity,Data,Total,,,,,,,,0,,,,,,
Stock Yield Enhancement Program Securities Lent Activity,Notes,"Important Notice re: SIPC Protection for Loans of Fully Paid and Excess Margin Securities:  Please be aware that if you execute loans of your fully paid or excess margin securities, the  provisions of the Securities Investor Protection Act of 1970 may not protect you with respect to the securities loan transaction.  Therefore, the collateral value credited to your account by Interactive Brokers (see above) may constitute the only source of satisfaction in the event that Interactive Brokers cannot return the securities.",,,,,,,,,,,,,,
Stock Yield Enhancement Program Securities Lent Interest Details,Header,Currency,Value Date,Symbol,Start Date,Quantity,Collateral Amount,Market-based Rate (%),Interest Rate on Customer Collateral (%),Interest Paid to Customer,Code,,,,,
Stock Yield Enhancement Program Securities Lent Interest Details,Data,USD,2025-01-22,AIQ,2025-01-22,-17,697,1.11,0.56,0.01,Po,,,,,
Stock Yield Enhancement Program Securities Lent Interest Details,Data,USD,2025-01-23,AIQ,2025-01-23,-36,1512,1.33,0.67,0.03,Po,,,,,
Stock Yield Enhancement Program Securities Lent Interest Details,Data,USD,2025-01-23,BLBD,2025-01-23,-60,2520,0.1,0.05,0.01,Po,,,,,
Stock Yield Enhancement Program Securities Lent Interest Details,Data,USD,2025-01-24,IGPT,2025-01-24,-33,1650,0.1,0.05,0.01,Po,,,,,
Stock Yield Enhancement Program Securities Lent Interest Details,Data,USD,2025-01-25,IGPT,2025-01-24,-33,1650,0.1,0.05,0.01,Po,,,,,
Stock Yield Enhancement Program Securities Lent Interest Details,Data,USD,2025-01-26,IGPT,2025-01-24,-33,1650,0.1,0.05,0.01,Po,,,,,
Stock Yield Enhancement Program Securities Lent Interest Details,Data,USD,2025-01-27,AIQ,2025-01-27,-34,1428,1.34,0.67,0.03,Po,,,,,
Stock Yield Enhancement Program Securities Lent Interest Details,Data,USD,2025-01-28,IGPT,2025-01-28,-33,1584,0.32,0.16,0.01,Po,,,,,
Stock Yield Enhancement Program Securities Lent Interest Details,Data,USD,2025-01-29,IGPT,2025-01-29,-33,1617,0.34,0.17,0.01,Po,,,,,
Stock Yield Enhancement Program Securities Lent Interest Details,Data,USD,2025-01-30,AIQ,2025-01-30,-30,1230,1.23,0.62,0.02,Po,,,,,
Stock Yield Enhancement Program Securities Lent Interest Details,Data,USD,2025-01-30,IGPT,2025-01-30,-33,1584,0.34,0.17,0.01,Po,,,,,
Stock Yield Enhancement Program Securities Lent Interest Details,Data,USD,2025-01-31,AIQ,2025-01-31,-18,756,1.15,0.58,0.01,Po,,,,,
Stock Yield Enhancement Program Securities Lent Interest Details,Data,USD,2025-02-01,AIQ,2025-01-31,-18,756,1.15,0.58,0.01,Po,,,,,
Stock Yield Enhancement Program Securities Lent Interest Details,Data,USD,2025-02-02,AIQ,2025-01-31,-18,756,1.15,0.58,0.01,Po,,,,,
Stock Yield Enhancement Program Securities Lent Interest Details,Data,USD,2025-02-04,TIP,2025-02-04,-37,4107,0.28,0.14,0.02,Po,,,,,
Stock Yield Enhancement Program Securities Lent Interest Details,Data,USD,2025-02-05,EMXC,2025-02-05,-9,522,0.16,0.08,0.01,Po,,,,,
Stock Yield Enhancement Program Securities Lent Interest Details,Data,USD,2025-02-06,AIQ,2025-02-06,-30,1260,1.14,0.57,0.02,Po,,,,,
Stock Yield Enhancement Program Securities Lent Interest Details,Data,USD,2025-02-07,AIQ,2025-02-07,-36,1512,1.19,0.6,0.03,Po,,,,,
Stock Yield Enhancement Program Securities Lent Interest Details,Data,USD,2025-02-08,AIQ,2025-02-07,-36,1512,1.19,0.6,0.03,Po,,,,,
Stock Yield Enhancement Program Securities Lent Interest Details,Data,USD,2025-02-09,AIQ,2025-02-07,-36,1512,1.19,0.6,0.03,Po,,,,,
Stock Yield Enhancement Program Securities Lent Interest Details,Data,USD,2025-02-10,AIQ,2025-02-10,-29,1218,1.14,0.57,0.02,Po,,,,,
Stock Yield Enhancement Program Securities Lent Interest Details,Data,USD,2025-02-10,EMXC,2025-02-10,-2,116,0.18,0.09,0.01,Po,,,,,
Stock Yield Enhancement Program Securities Lent Interest Details,Data,USD,2025-02-13,AIQ,2025-02-13,-35,1505,1.71,0.86,0.04,Po,,,,,
Stock Yield Enhancement Program Securities Lent Interest Details,Data,USD,2025-02-13,EMXC,2025-02-13,-9,522,0.27,0.14,0.01,Po,,,,,
Stock Yield Enhancement Program Securities Lent Interest Details,Data,USD,2025-02-13,MCHI,2025-02-13,-27,1431,0.29,0.15,0.01,Po,,,,,
Stock Yield Enhancement Program Securities Lent Interest Details,Data,USD,2025-02-18,AIQ,2025-02-18,-25,1100,1.73,0.87,0.03,Po,,,,,
Stock Yield Enhancement Program Securities Lent Interest Details,Data,USD,2025-02-19,AIQ,2025-02-19,-30,1320,1.77,0.89,0.03,Po,,,,,
Stock Yield Enhancement Program Securities Lent Interest Details,Data,USD,2025-02-19,MCHI,2025-02-19,-27,1512,0.28,0.14,0.01,Po,,,,,
Stock Yield Enhancement Program Securities Lent Interest Details,Data,USD,2025-02-24,EMXC,2025-02-24,-9,531,0.28,0.14,0.01,Po,,,,,
Stock Yield Enhancement Program Securities Lent Interest Details,Data,USD,2025-02-26,MCHI,2025-02-26,-27,1512,0.42,0.21,0.01,Po,,,,,
Stock Yield Enhancement Program Securities Lent Interest Details,Data,USD,2025-02-27,MCHI,2025-02-27,-27,1539,0.75,0.38,0.02,Po,,,,,
Stock Yield Enhancement Program Securities Lent Interest Details,Data,USD,2025-02-28,MCHI,2025-02-28,-27,1539,0.76,0.38,0.02,Po,,,,,
Stock Yield Enhancement Program Securities Lent Interest Details,Data,USD,2025-03-01,MCHI,2025-02-28,-27,1539,0.76,0.38,0.02,Po,,,,,
Stock Yield Enhancement Program Securities Lent Interest Details,Data,USD,2025-03-02,MCHI,2025-02-28,-27,1539,0.76,0.38,0.02,Po,,,,,
Stock Yield Enhancement Program Securities Lent Interest Details,Data,USD,2025-03-03,MCHI,2025-03-03,-27,1485,0.77,0.39,0.02,Po,,,,,
Stock Yield Enhancement Program Securities Lent Interest Details,Data,USD,2025-03-04,MCHI,2025-03-04,-23,1242,1.73,0.87,0.03,Po,,,,,
Stock Yield Enhancement Program Securities Lent Interest Details,Data,USD,2025-03-06,MCHI,2025-03-06,-16,928,2.52,1.26,0.03,Po,,,,,
Stock Yield Enhancement Program Securities Lent Interest Details,Data,USD,2025-03-06,TIP,2025-03-06,-31,3472,0.23,0.12,0.01,Po,,,,,
Stock Yield Enhancement Program Securities Lent Interest Details,Data,USD,2025-03-07,MCHI,2025-03-07,-27,1566,2.75,1.38,0.06,Po,,,,,
Stock Yield Enhancement Program Securities Lent Interest Details,Data,USD,2025-03-08,MCHI,2025-03-07,-27,1566,2.75,1.38,0.06,Po,,,,,
Stock Yield Enhancement Program Securities Lent Interest Details,Data,USD,2025-03-09,MCHI,2025-03-07,-27,1566,2.75,1.38,0.06,Po,,,,,
Stock Yield Enhancement Program Securities Lent Interest Details,Data,USD,2025-03-10,MCHI,2025-03-10,-21,1218,2.83,1.42,0.05,Po,,,,,
Stock Yield Enhancement Program Securities Lent Interest Details,Data,USD,2025-03-11,MCHI,2025-03-11,-27,1512,2.91,1.46,0.06,Po,,,,,
Stock Yield Enhancement Program Securities Lent Interest Details,Data,USD,2025-03-12,MCHI,2025-03-12,-27,1539,2.95,1.48,0.07,Po,,,,,
Stock Yield Enhancement Program Securities Lent Interest Details,Data,USD,2025-03-13,MCHI,2025-03-13,-7,399,2.86,1.43,0.02,Po,,,,,
Stock Yield Enhancement Program Securities Lent Interest Details,Data,USD,2025-03-14,MCHI,2025-03-14,-24,1368,2.76,1.38,0.05,Po,,,,,
Stock Yield Enhancement Program Securities Lent Interest Details,Data,USD,2025-03-15,MCHI,2025-03-14,-24,1368,2.76,1.38,0.05,Po,,,,,
Stock Yield Enhancement Program Securities Lent Interest Details,Data,USD,2025-03-16,MCHI,2025-03-14,-24,1368,2.76,1.38,0.05,Po,,,,,
Stock Yield Enhancement Program Securities Lent Interest Details,Data,USD,2025-03-17,MCHI,2025-03-17,-27,1593,2.78,1.39,0.06,Po,,,,,
Stock Yield Enhancement Program Securities Lent Interest Details,Data,USD,2025-03-18,MCHI,2025-03-18,-25,1500,2.82,1.41,0.06,Po,,,,,
Stock Yield Enhancement Program Securities Lent Interest Details,Data,USD,2025-03-19,MCHI,2025-03-19,-25,1500,2.78,1.39,0.06,Po,,,,,
Stock Yield Enhancement Program Securities Lent Interest Details,Data,USD,2025-03-20,MCHI,2025-03-20,-26,1560,2.76,1.38,0.06,Po,,,,,
Stock Yield Enhancement Program Securities Lent Interest Details,Data,USD,2025-03-21,DXJ,2025-03-21,-6,696,0.42,0.21,0.01,Po,,,,,
Stock Yield Enhancement Program Securities Lent Interest Details,Data,USD,2025-03-21,MCHI,2025-03-21,-23,1334,2.76,1.38,0.05,Po,,,,,
Stock Yield Enhancement Program Securities Lent Interest Details,Data,USD,2025-03-22,DXJ,2025-03-21,-6,696,0.42,0.21,0.01,Po,,,,,
Stock Yield Enhancement Program Securities Lent Interest Details,Data,USD,2025-03-22,MCHI,2025-03-21,-23,1334,2.76,1.38,0.05,Po,,,,,
Stock Yield Enhancement Program Securities Lent Interest Details,Data,USD,2025-03-23,DXJ,2025-03-21,-6,696,0.42,0.21,0.01,Po,,,,,
Stock Yield Enhancement Program Securities Lent Interest Details,Data,USD,2025-03-23,MCHI,2025-03-21,-23,1334,2.76,1.38,0.05,Po,,,,,
Stock Yield Enhancement Program Securities Lent Interest Details,Data,Total,,,,,,,,1.63,,,,,,
Financial Instrument Information,Header,Asset Category,Symbol,Description,Conid,Security ID,Underlying,Listing Exch,Multiplier,Type,Code,,,,,
Financial Instrument Information,Data,Stocks,4568.T,DAIICHI SANKYO CO LTD,35928149,JP3475350009,4568,TSEJ,1,COMMON,,,,,,
Financial Instrument Information,Data,Stocks,AIQ,GLOBAL X ART INTEL & TECH,317792273,US37954Y6326,AIQ,NASDAQ,1,ETF,,,,,,
Financial Instrument Information,Data,Stocks,AMD,ADVANCED MICRO DEVICES,4391,US0079031078,AMD,NASDAQ,1,COMMON,,,,,,
Financial Instrument Information,Data,Stocks,AMZN,AMAZON.COM INC,3691937,US0231351067,AMZN,NASDAQ,1,COMMON,,,,,,
Financial Instrument Information,Data,Stocks,ASML,ASML HOLDING NV-NY REG SHS,117902840,USN070592100,ASML,NASDAQ,1,NY REG SHRS,,,,,,
Financial Instrument Information,Data,Stocks,AVGO,BROADCOM INC,313130367,US11135F1012,AVGO,NASDAQ,1,COMMON,,,,,,
Financial Instrument Information,Data,Stocks,BLBD,BLUE BIRD CORP,185200225,US0953061068,BLBD,NASDAQ,1,COMMON,,,,,,
Financial Instrument Information,Data,Stocks,BTI,BRITISH AMERICAN TOB-SP ADR,764692,US1104481072,BTI,NYSE,1,ADR,,,,,,
Financial Instrument Information,Data,Stocks,BX,BLACKSTONE INC,372834689,US09260D1072,BX,NYSE,1,COMMON,,,,,,
Financial Instrument Information,Data,Stocks,CAT,CATERPILLAR INC,5437,US1491231015,CAT,NYSE,1,COMMON,,,,,,
Financial Instrument Information,Data,Stocks,DXJ,WISDOMTREE JAPAN HEDGED EQ,39832875,US97717W8516,DXJ,ARCA,1,ETF,,,,,,
Financial Instrument Information,Data,Stocks,EMXC,ISHARES MSCI EMR MRK EX CHNA,282856694,US46434G7640,EMXC,NASDAQ,1,ETF,,,,,,
Financial Instrument Information,Data,Stocks,GD,GENERAL DYNAMICS CORP,7496,US3695501086,GD,NYSE,1,COMMON,,,,,,
Financial Instrument Information,Data,Stocks,GE,GENERAL ELECTRIC,498843743,US3696043013,GE,NYSE,1,COMMON,,,,,,
Financial Instrument Information,Data,Stocks,HYU,HYUNDAI MOTOR CO-REG S GDR,122291119,USY384721251,HYU,SWB2,1,GDR,,,,,,
Financial Instrument Information,Data,Stocks,IGPT,INVESCO AI AND NEXT GEN SOFT,319357022,US46137V6395,IGPT,ARCA,1,ETF,,,,,,
Financial Instrument Information,Data,Stocks,LLY,ELI LILLY & CO,9160,US5324571083,LLY,NYSE,1,COMMON,,,,,,
Financial Instrument Information,Data,Stocks,LRCX,LAM RESEARCH CORP,732440574,US5128073062,LRCX,NASDAQ,1,COMMON,,,,,,
Financial Instrument Information,Data,Stocks,"LRCX, LRCX.OLD",LAM RESEARCH CORP,271308,US5128071082,LRCX.OLD,NASDAQ,1,COMMON,,,,,,
Financial Instrument Information,Data,Stocks,MCHI,ISHARES MSCI CHINA ETF,86326988,US46429B6719,MCHI,NASDAQ,1,ETF,,,,,,
Financial Instrument Information,Data,Stocks,MSFT,MICROSOFT CORP,272093,US5949181045,MSFT,NASDAQ,1,COMMON,,,,,,
Financial Instrument Information,Data,Stocks,NFLX,NETFLIX INC,15124833,US64110L1061,NFLX,NASDAQ,1,COMMON,,,,,,
Financial Instrument Information,Data,Stocks,NOVd,NOVO NORDISK A/S-B,652806388,DK0062498333,NOV,IBIS,1,COMMON,,,,,,
Financial Instrument Information,Data,Stocks,NVDA,NVIDIA CORP,4815747,US67066G1040,NVDA,NASDAQ,1,COMMON,,,,,,
Financial Instrument Information,Data,Stocks,R6C0d,SHELL PLC,541411967,GB00BP6MXD84,SHELL,AEB,1,COMMON,,,,,,
Financial Instrument Information,Data,Stocks,RIO,RIO TINTO PLC-SPON ADR,4095586,US7672041008,RIO,NYSE,1,ADR,,,,,,
Financial Instrument Information,Data,Stocks,SAUS,ISHARES MSCI AUSTRALIA,148430711,IE00B5377D42,SAUS,BVME.ETF,1,ETF,,,,,,
Financial Instrument Information,Data,Stocks,SHELL.DRS,SHELL PLC - DIVIDEND RIGHTS,760961438,NL0015002E16,SHELL.DRS,CORPACT,1,RIGHT,,,,,,
Financial Instrument Information,Data,Stocks,SHELL.DVR,SHELL PLC - DIVIDEND RIGHTS,741738084,NL0015002AR9,SHELL.DVR,CORPACT,1,RIGHT,,,,,,
Financial Instrument Information,Data,Stocks,TGT,TARGET CORP,6437,US87612E1064,TGT,NYSE,1,COMMON,,,,,,
Financial Instrument Information,Data,Stocks,TIP,ISHARES TIPS BOND ETF,26787475,US4642871762,TIP,ARCA,1,ETF,,,,,,
Financial Instrument Information,Data,Stocks,TSLA,TESLA INC,76792991,US88160R1014,TSLA,NASDAQ,1,COMMON,,,,,,
Financial Instrument Information,Data,Stocks,TSM,TAIWAN SEMICONDUCTOR-SP ADR,6223250,US8740391003,TSM,NYSE,1,ADR,,,,,,
Financial Instrument Information,Data,Stocks,VKTX,VIKING THERAPEUTICS INC,192379311,US92686J1060,VKTX,NASDAQ,1,COMMON,,,,,,
Codes,Header,Code,Meaning,Code (Cont.),Meaning (Cont.),,,,,,,,,,,
Codes,Data,A,Assignment,,,,,,,,,,,,,
Codes,Data,ADR,ADR Fee Accrual,,,,,,,,,,,,,
Codes,Data,AEx,Automatic exercise for dividend-related recommendation.,,,,,,,,,,,,,
Codes,Data,AFx,AutoFX conversion resulting from trading,,,,,,,,,,,,,
Codes,Data,Adj,Adjustment,,,,,,,,,,,,,
Codes,Data,Al,Allocation,,,,,,,,,,,,,
Codes,Data,Aw,Away Trade,,,,,,,,,,,,,
Codes,Data,B,Automatic Buy-in,,,,,,,,,,,,,
Codes,Data,Bo,Direct Borrow,,,,,,,,,,,,,
Codes,Data,C,Closing Trade,,,,,,,,,,,,,
Codes,Data,CD,Cash Delivery,,,,,,,,,,,,,
Codes,Data,CP,Complex Position,,,,,,,,,,,,,
Codes,Data,Ca,Cancelled,,,,,,,,,,,,,
Codes,Data,Co,Corrected Trade,,,,,,,,,,,,,
Codes,Data,Cx,Part or all of this transaction was a Crossing executed as dual agent by Broker for two Broker customers,,,,,,,,,,,,,
Codes,Data,DT,Discounted Trade,,,,,,,,,,,,,
Codes,Data,De,Delivery or Conversion Action,,,,,,,,,,,,,
Codes,Data,ETF,ETF Creation/Redemption,,,,,,,,,,,,,
Codes,Data,Ep,Resulted from an Expired Position,,,,,,,,,,,,,
Codes,Data,Ex,Exercise,,,,,,,,,,,,,
Codes,Data,FP,"Broker acted as agent for the fractional share portion of this trade, which was executed by a Broker affiliate as principal.",,,,,,,,,,,,,
Codes,Data,FPA,Broker acted as agent for both the fractional share portion and the whole share portion of this trade; the fractional share portion was executed by a Broker Affiliate as principal.,,,,,,,,,,,,,
Codes,Data,G,Trade in Guaranteed Account Segment,,,,,,,,,,,,,
Codes,Data,GEA,Exercise or Assignment resulting from offsetting positions,,,,,,,,,,,,,
Codes,Data,HC,Highest Cost tax basis election,,,,,,,,,,,,,
Codes,Data,HFI,Investment Transferred to Hedge Fund,,,,,,,,,,,,,
Codes,Data,HFR,Redemption from Hedge Fund,,,,,,,,,,,,,
Codes,Data,I,Internal Transfer,,,,,,,,,,,,,
Codes,Data,IA,This transaction was executed against a Broker affiliate,,,,,,,,,,,,,
Codes,Data,IM,A portion of the order was executed against a Broker affiliate; A broker acted as agent on a portion.,,,,,,,,,,,,,
Codes,Data,INV,Investment Transfer from Investor,,,,,,,,,,,,,
Codes,Data,IPO,This transaction was executed as part of an IPO in which Broker was a member of the selling group and is classified as a Principal trade.,,,,,,,,,,,,,
Codes,Data,L,Ordered by Broker (Margin Violation),,,,,,,,,,,,,
Codes,Data,LD,Adjusted by Loss Disallowed from Wash Sale,,,,,,,,,,,,,
Codes,Data,LF,Liquidation of fractional position by IB,,,,,,,,,,,,,
Codes,Data,LI,"Last In, First Out (LIFO) tax basis election",,,,,,,,,,,,,
Codes,Data,LT,Long Term P/L,,,,,,,,,,,,,
Codes,Data,Lo,Direct Loan,,,,,,,,,,,,,
Codes,Data,M,Entered manually by Broker,,,,,,,,,,,,,
Codes,Data,MEx,Manual exercise for dividend-related recommendation.,,,,,,,,,,,,,
Codes,Data,ML,Maximize Losses tax basis election,,,,,,,,,,,,,
Codes,Data,MLG,Maximize Long Term Gain tax basis election,,,,,,,,,,,,,
Codes,Data,MLL,Maximize Long Term Loss tax basis election,,,,,,,,,,,,,
Codes,Data,MSG,Maximize Short Term Gain tax basis election,,,,,,,,,,,,,
Codes,Data,MSL,Maximize Short Term Loss tax basis election,,,,,,,,,,,,,
Codes,Data,O,Opening Trade,,,,,,,,,,,,,
Codes,Data,Off,Yes and No contracts offset to $1.00 cash settlement,,,,,,,,,,,,,
Codes,Data,P,Partial Execution,,,,,,,,,,,,,
Codes,Data,PE,Perpetual Investment,,,,,,,,,,,,,
Codes,Data,PI,Price Improvement,,,,,,,,,,,,,
Codes,Data,PTA,Post Trade Allocation,,,,,,,,,,,,,
Codes,Data,Po,Interest or Dividend Accrual Posting,,,,,,,,,,,,,
Codes,Data,Pr,Part or all of this transaction was executed by the Exchange as a Crossing by Broker against a Broker affiliate and is therefore classified as a Principal and not an agency trade,,,,,,,,,,,,,
Codes,Data,R,Dividend Reinvestment,,,,,,,,,,,,,
Codes,Data,RED,Redemption to Investor,,,,,,,,,,,,,
Codes,Data,RI,Recurring Investment,,,,,,,,,,,,,
Codes,Data,RP,"Broker acted as agent for the fractional share portion of this trade, which was executed by a Broker affiliate as riskless principal.",,,,,,,,,,,,,
Codes,Data,RPA,Broker acted as agent for both the fractional share portion and the whole share portion of this trade; the fractional share portion was executed by a Broker Affiliate as riskless principal.,,,,,,,,,,,,,
Codes,Data,Rb,Rebill,,,,,,,,,,,,,
Codes,Data,Re,Interest or Dividend Accrual Reversal,,,,,,,,,,,,,
Codes,Data,Ri,Reimbursement,,,,,,,,,,,,,
Codes,Data,S0,Contract settled to zero value,,,,,,,,,,,,,
Codes,Data,S1,Contract settled to $1.00,,,,,,,,,,,,,
Codes,Data,SF,Trade is subject to IBKR Lite Surcharge Fee if volume of such trades exceeds 10% of the total monthly Lite trade volume,,,,,,,,,,,,,
Codes,Data,SI,This order was solicited by Broker,,,,,,,,,,,,,
Codes,Data,SL,Specific Lot tax basis election,,,,,,,,,,,,,
Codes,Data,SO,This order was marked as solicited by your Introducing Broker,,,,,,,,,,,,,
Codes,Data,SS,Customer designated this trade for shortened settlement and so is subject to execution at prices above the prevailing market,,,,,,,,,,,,,
Codes,Data,ST,Short Term P/L,,,,,,,,,,,,,
Codes,Data,Sw,Money Market Fund Sweep,,,,,,,,,,,,,
Codes,Data,T,Transfer,,,,,,,,,,,,,
Codes,Data,Un,Unvested shares from stock grant,,,,,,,,,,,,,
Codes,Data,XCH,Mutual Fund Exchange Transaction,,,,,,,,,,,,,
Notes/Legal Notes,Header,Type,Note,,,,,,,,,,,,,
Notes/Legal Notes,Data,Notes,"Stock exchange transactions generally settle on the trade date plus one business day (T+1). Options, futures and US open-end mutual fund transactions also settle on trade date plus one business day. Some exchanges and other transaction types may have longer or shorter settlement periods. Ending settled cash reflects the cash that has actually settled.",,,,,,,,,,,,,
Notes/Legal Notes,Data,Notes,Initial and maintenance margin requirements are available within the Account Window of the Trader Workstation.,,,,,,,,,,,,,
Notes/Legal Notes,Data,Notes,"Interactive Brokers LLC receives compensation from fund companies in connection with the purchase and holding of fund shares by customers of Interactive Brokers LLC. Such compensation includes, but is not limited to, Rule 12b-1 fees that are paid out of the funds assets. The source and amount of any remuneration received by Interactive Brokers LLC in connection with a transaction will be furnished upon written request of the customer.  IB may share a portion of the compensation received from fund companies with your independent advisor or introducing broker.",,,,,,,,,,,,,
Notes/Legal Notes,Data,Notes,"Quantities preceded by a ""-"" sign indicate sell transactions. Other transactions are purchases. ",,,,,,,,,,,,,
Notes/Legal Notes,Data,Notes,"IB acts as agent in executing the fractional share portion of your order. In certain circumstances, IB routes the fractional portion of your order to an affiliate, which may execute the fractional portion of the order as principal. In such circumstances, this is indicated by the codes associated with the trade. If an IB affiliate acts as principal in executing any fractional share portion of your order, the order will be executed at the price displayed for the opposite side of the NBBO from your order (the offer if you are buying and the bid if you are selling) at the time of execution. If an IB affiliate is acting as riskless principal in connection with filling the fractional share portion of your order, the affiliate will execute the fractional share portion of your order at the price it receives for the execution of the whole share.",,,,,,,,,,,,,
Notes/Legal Notes,Data,Notes,"In case of partial executions, commissions are charged on the total quantity executed on the original order. The commission is displayed on the first partial execution only.",,,,,,,,,,,,,
Notes/Legal Notes,Data,Notes,Trade execution times are displayed in Eastern Time.,,,,,,,,,,,,,
Notes/Legal Notes,Data,Notes,Applicable regulatory fees for your transactions are available on the IB website at www.interactivebrokers.com/en/accounts/fees/exchangeAndRegulatoryFees.php.,,,,,,,,,,,,,
Notes/Legal Notes,Data,Notes,"Borrow Fee Rate represents the cost to borrow stock expressed in percent per annum. It is applied to the collateral value on the stock borrow contract and is separate from any interest earned on credit cash balances. Similarly, Loan Fee Rate represents the benefit to lend stock. A positive rate indicates a cost to the borrower/benefit to the lender and a negative rate indicates a benefit to the borrower/cost to the lender. In general, the fee rates for hard-to-borrow stocks are higher than for normal availability stocks.",,,,,,,,,,,,,
Notes/Legal Notes,Data,Notes,Interest Rate on Customer Collateral represents the interest paid on the collateral posted to the customer's account and received from lending stock.  A positive rate indicates a benefit to the lender.,,,,,,,,,,,,,
Notes/Legal Notes,Data,Notes,"The closing prices on this Activity Statement are indicative and may come from third-party sources. Interactive Brokers does not warrant the accuracy of the prices provided by third-party sources. Due to time zone differences, certain non-US mutual funds may deliver closing prices after the Activity Statement has been produced and the closing prices for such funds will reflect the previous day's price.",,,,,,,,,,,,,
Notes/Legal Notes,Data,Notes,All Market Data and Research services are provided through Global Financial Information Services (GmbH).,,,,,,,,,,,,,
Notes/Legal Notes,Data,Notes,"Market data is provided by Global Financial Information Services (GmbH). Your local broker collects amounts owed for fees and tax for such data on behalf of Global Financial Information Services (GmbH). Note, you are responsible for any applicable taxes relating to the provision of these services.",,,,,,,,,,,,,
Notes/Legal Notes,Data,Notes,"For clients whose accounts are being managed by an advisor, trades shown may be part of a larger trade that was allocated across multiple client accounts, based on an allocation algorithm specified by the advisor prior to execution of the trade.  Times shown are times that trades were allocated to your account.  Execution time on the relevant market center is available upon your request.",,,,,,,,,,,,,
Notes/Legal Notes,Data,Notes,"If you specified that your advisor is to receive a per-trade advisory fee, please note that the figures in the ""Commiss"" column in the transaction listings are gross amounts that include both IB's brokerage commission for the trade as well as the advisor's per-trade fee.  IB receives its standard published brokerage commissions on your trades ( see www.interactivebrokers.com ). To determine the advisor's per-trade fee for any trade, subtract IB's standard commission from the amount shown.",,,,,,,,,,,,,
Notes/Legal Notes,Data,Notes,The stated commission rate on the Interactive Brokers website is for direct clients of Interactive Brokers. Clients managed by an advisor may pay additional commissions set by their advisor. Clients should contact their advisor about the rates that will apply to their account.,,,,,,,,,,,,,
Notes/Legal Notes,Data,Notes,RUS denotes Ruble balances that have been restricted by Russian authorities.,,,,,,,,,,,,,
Notes/Legal Notes,Data,Mutual Fund Notes,"All purchase and sales of mutual funds are calculated against the published NAV (Net Asset Value) of the underlying fund and is displayed on this confirmation as the ""C. Price"" (Closing Price). Due to any fees charged by a fund and/or any share rounding, the net price you pay may vary from the published NAV and is shown on this confirmation as the ""T. Price"" (Trade Price).",,,,,,,,,,,,,
Notes/Legal Notes,Data,Fixed Income Notes,"Call features for bonds or preferred stocks may affect the yield. For zero coupon, compound interest and multiplier securities, there are no periodic payments and securities may be callable below maturity value without notice to holder unless registered. For asset-backed securities, the actual yield may vary depending on the speed at which the underlying note is pre-paid. For additional information regarding bond yield, please contact the IB Help Desk at: ibkr.com/help. If this debt security is unrated by a nationally recognized statistical rating organization, it may pose a high risk of default. You should consult an independent advisor to determine whether unrated bonds are appropriate for your portfolio in light of your goals and your financial circumstances. Fees charged by bond trading centers are included in the cost of bond transactions.",,,,,,,,,,,,,
Notes/Legal Notes,Data,Legal Notes,"Please promptly report any inaccuracy or discrepancy in this statement, or in your account. Contact the IB Customer Service Department in writing using the form available on the IB website. You may also contact IB by phone, but if you report an error by phone, you should re-confirm such oral communication in writing in order to protect your rights, including rights under the Securities Investor Protection Act (SIPA).Interactive Brokers:Interactive Brokers LLC, www.interactivebrokers.com, 877-442-2757 (U.S.)Interactive Brokers (UK) (Ltd), www.interactivebrokers.co.uk, 00800-42-276537 (Intl)Interactive Brokers Canada Inc., www.interactivebrokers.ca, 877-745-4222 (Can.)",,,,,,,,,,,,,
Notes/Legal Notes,Data,Legal Notes,"Unless otherwise noted, Interactive Brokers acted as agent in the execution of the above transactions. For those exchanges where IB is not a direct clearing member or custodian, IB may use one of the following clearing agents or sub-custodians: Interactive Brokers Australia Pty Limited; Interactive Brokers Canada Inc.; Interactive Brokers Hong Kong Limited; Interactive Brokers Ireland, Limited; Interactive Brokers Securities Japan, Inc.; Interactive Brokers (U.K.) Limited; IBKR Financial Services AG; ABN Amro Clearing Singapore Pte. Ltd.; Allfunds Bank, S.A.U.; Banco B3 S.A.; BBVA Bancomer, S.A.; BNP Securities Services, Milan Branch; BMO Bank N.A.; Citibank Europe plc; Skandinaviska Enskilda Banken AB (including select branches).",,,,,,,,,,,,,
Notes/Legal Notes,Data,Legal Notes,"IB acts as agent or riskless principal in foreign currency exchange transactions and as riskless principal in spot precious metals transactions.  Such transactions are executed against an IB affiliate or a third party, which acts as principal in such transactions and may have a long or short position and may have profited or lost in connection with the transaction.  Foreign currency exchange and spot precious metals transactions executed by Customer through IB are not regulated or overseen by the SEC or the CFTC.",,,,,,,,,,,,,
Notes/Legal Notes,Data,Legal Notes,"IB accepts liquidity rebates or other order flow payments from Alternative Trading Systems, market makers and exchanges for certain orders in stocks. IB receives payment for some option orders pursuant to exchange-mandated marketing fee programs or other arrangements. The source and nature of any compensation received by IB in connection with any transaction is available upon written request of the customer. For further information, check the IB website and the Order Routing and Payment for Order Flow Disclosure provided when you opened your account and annually or visit ibkr.com/help.  ",,,,,,,,,,,,,
Notes/Legal Notes,Data,Legal Notes,"For security futures trades, if not already indicated on this statement, information about the time of any transaction, the identity of the counterparty to the transaction, and whether IB is acting as agent or principal, as agent for the counterparty, as agent for both parties to the contract, or as principal, and if acting as principal, whether the transaction was a block transaction or an exchange for physicals transaction, will be available upon written request of the customer.",,,,,,,,,,,,,
Notes/Legal Notes,Data,Legal Notes,Customer is requested to promptly advise Interactive Brokers of any material change in Customers investment objectives.,,,,,,,,,,,,,
Notes/Legal Notes,Data,Legal Notes,"Interactive Brokers LLC, member Securities Investor Protection Corporation (SIPC), provides execution, clearing and carrying services for your account pursuant to an agreement with Financial Hospital Advisory LLP. As with all securities firms, SIPC coverage provides protection against failure of a broker-dealer, not against loss of market value of securities.  Futures and options on futures are not covered by SIPC.",,,,,,,,,,,,,
Notes/Legal Notes,Data,Legal Notes,"A financial statement of Interactive Brokers LLC is available for your personal inspection at www.interactivebrokers.com or at its offices, or a copy of it will be mailed upon your written request.",,,,,,,,,,,,,
Notes/Legal Notes,Data,Legal Notes,"For trades executed on the ASX market, the ASX 24 market and the Cboe Australia market, this confirmation is issued subject to: (i) the Applicable Laws, the directions, decisions and requirements of the relevant market operator, the operating rules of the relevant market, the clearing rules and where relevant, the relevant settlement rules, (ii) the customs and usages of the relevant financial market, and (iii) the correction of errors and omissions. Trades in Cash Market Products (as that term is defined in the relevant ASIC market integrity rules) on ASX market and Cboe Australia are cleared by BNP Paribas, ARBN 149 440 291, AFSL 402467, who is a participant of ASX Clear Pty Ltd and ASX Settlement Pty Ltd. Trades in Derivative Products on ASX and all products on ASX 24 are cleared by Interactive Brokers Australia (“IBA”) as a participant of ASX Clear Pty Ltd and ASX Clear (Futures) Pty Ltd. If your transaction was a crossing transaction, IBA may have either acted on behalf of (i) both the buyer and seller of this transaction, or (ii) on behalf of the buyer or seller on one side of the transaction and acted as Principal on the other side. Under the Corporations Act 2001, where IBA enters into an exchange traded derivative on a customer's behalf, IBA is regarded as having issued the derivative to the customer.",,,,,,,,,,,,,
Notes/Legal Notes,Data,Legal Notes,"For All Options Trades Executed on the Stock Exchange of Hong Kong (""SEHK""): (a) Options can involve a high degree of risk and may not be suitable for every investor. Investors should ensure they understand those risks before participating in the options market. (b) All options contracts executed on the SEHK were executed by Interactive Brokers Hong Kong Limited on behalf of Interactive Brokers LLC. (c) In the event of a default committed by Interactive Brokers LLC resulting in the client suffering any pecuniary loss, the client shall have a right to claim under the Investor Compensation Fund established under the Hong Kong Securities and Futures Ordinance, subject to the terms of the Investor Compensation Fund from time to time. (d) All Exchange Traded Options Business made for or on behalf of a client shall be subject to the relevant provisions of the constitution, Rules of The Stock Exchange of Hong Kong Limited (""SEHK Rules""), regulations, the Articles, customs and usages of SEHK, the Options Trading Rules, the Clearing Rules of SEOCH, the CCASS Rules and the laws of Hong Kong, which shall be binding on both Interactive Brokers LLC and the client.",,,,,,,,,,,,,
Notes/Legal Notes,Data,Legal Notes,"Interactive Brokers LLC is a SIPC member. Deposits held away from Interactive Brokers LLC may not qualify under SIPC protection. Also, futures and options on futures are not covered by SIPC.",,,,,,,,,,,,,
Notes/Legal Notes,Data,,Interactive Brokers LLC is a SIPC Member,,,,,,,,,,,,,